:IngredientName,IngredientType,Unit,Unit_Old,Recipe
:Names,,PREVIEW,,Default
DEBUG,Analog,DEBUG,,0
DEMO_VERSION,Discrete,DEMO_VERSION,,0
CO_ModeButtonName,Message,CO_ModeButtonName,,MODE
CO_EmailEnableSend,Analog,CO_EmailEnableSend,,0
CO_EmailSendCounter,Analog,CO_EmailSendCounter,,500
CO_GAS_TYPE_1_PBS,Message,CO_GAS_TYPE_1_PBS,,O2
CO_GAS_TYPE_1_PVD1,Message,CO_GAS_TYPE_1_PVD1,,O2
CO_GAS_TYPE_1_PVD2,Message,CO_GAS_TYPE_1_PVD2,,O2
CO_GAS_TYPE_1_PVD3,Message,CO_GAS_TYPE_1_PVD3,,O2
CO_GAS_TYPE_2_PBS,Message,CO_GAS_TYPE_2_PBS,,Ar
CO_GAS_TYPE_2_PVD1,Message,CO_GAS_TYPE_2_PVD1,,Ar
CO_GAS_TYPE_2_PVD2,Message,CO_GAS_TYPE_2_PVD2,,Ar
CO_GAS_TYPE_2_PVD3,Message,CO_GAS_TYPE_2_PVD3,,Ar
CO_GAS_TYPE_3_PBS,Message,CO_GAS_TYPE_3_PBS,,N2
CO_GAS_TYPE_3_PVD1,Message,CO_GAS_TYPE_3_PVD1,,N2
CO_GAS_TYPE_3_PVD2,Message,CO_GAS_TYPE_3_PVD2,,N2
CO_GAS_TYPE_3_PVD3,Message,CO_GAS_TYPE_3_PVD3,,N2
CO_GAS_TYPE_4_PVD1,Message,CO_GAS_TYPE_4_PVD1,,H2
CO_GAS_TYPE_4_PVD2,Message,CO_GAS_TYPE_4_PVD2,,H2
CO_GAS_TYPE_4_PVD3,Message,CO_GAS_TYPE_4_PVD3,,H2
CO_INACTIVITY_LOGOUT,Discrete,CO_INACTIVITY_LOGOUT,,1
CO_LLM_MaxLeakRate_Exp,Analog,CO_LLM_MaxLeakRate_Exp,,-4
CO_LLM_MaxLeakRate_Mant,Analog,CO_LLM_MaxLeakRate_Mant,,1
CO_MF_NAME_PVD1,Message,CO_MF_NAME_PVD1,,PEII10K_2x
CO_MF_NAME_PVD2,Message,CO_MF_NAME_PVD2,,PEII10K_2x
CO_MF_NAME_PVD3,Message,CO_MF_NAME_PVD3,,PEII10K_2x
CO_MF_NAME_TYPE_4,Message,CO_MF_NAME_TYPE_4,,Pinnacle
CO_PM_MaxLeakRate_Exp,Analog,CO_PM_MaxLeakRate_Exp,,-4
CO_PM_MaxLeakRate_Mant,Analog,CO_PM_MaxLeakRate_Mant,,1
CO_PowerSupply1_Type,Message,CO_PowerSupply1_Type,,MF AE-PEII
CO_PowerSupply2_Type,Message,CO_PowerSupply2_Type,,MF AE-PEII
CO_PowerSupply3_Type,Message,CO_PowerSupply3_Type,,MF AE-PEII
CO_TMP_SPEED_VISIBLE,Discrete,CO_TMP_SPEED_VISIBLE,,1
CO_VideoServerPage,Message,CO_VideoServerPage,,http://10.242.1.25
CO_PM_ActivateContinue,Analog,CO_PM_ActivateContinue,,1
CO_PM_PopUpProcessFinished,Analog,CO_PM_PopUpProcessFinished,,0
CO_MachineNameInLogFileName,Analog,CO_MachineNameInLogFileName,,0
CO_AskBatchNumber,Analog,CO_AskBatchNumber,,0
MCO_Gbl_TrigTMPsFltDT,Analog,MCO_Gbl_TrigTMPsFltDT,,60
MCO_Gbl_TrigTMPsStartFltDT,Analog,MCO_Gbl_TrigTMPsStartFltDT,,600
MCO_Gbl_AutoRecipeLding,Analog,MCO_Gbl_AutoRecipeLding,,0
MCO_Gbl_Full_Scale_AI,Analog,MCO_Gbl_Full_Scale_AI,,32767
MCO_Gbl_Full_Scale_AO,Analog,MCO_Gbl_Full_Scale_AO,,32767
MCO_Gbl_LightingCameraOffDT,Analog,MCO_Gbl_LightingCameraOffDT,,300
MCO_Gbl_StatusHornOnTime,Analog,MCO_Gbl_StatusHornOnTime,,3
MCO_Gbl_StatusHornOnIntWaitTime,Analog,MCO_Gbl_StatusHornOnIntWaitTime,,60
MCO_Gbl_StatusLampYellowMode,Analog,MCO_Gbl_StatusLampYellowMode,,1
MCO_Gbl_Tr_Atm_RES,Analog,MCO_Gbl_Tr_Atm_RES,,1050
MCO_Gbl_Tr_Atm_SET,Analog,MCO_Gbl_Tr_Atm_SET,,750
MCO_Gbl_Tr_PTR_RES,Analog,MCO_Gbl_Tr_PTR_RES,,0.01
MCO_Gbl_Tr_PTR_SET,Analog,MCO_Gbl_Tr_PTR_SET,,0.008
MCO_Gbl_VidMonSubstCnf,Analog,MCO_Gbl_VidMonSubstCnf,,0
MCO_Gbl_SubstLdingModType,Analog,MCO_Gbl_SubstLdingModType,,1
MCO_Gbl_PrePSetSplyMode,Analog,MCO_Gbl_PrePSetSplyMode,,1
CO_VidMonCameraType,Analog,CO_VidMonCameraType,,1
Mco_LLM_AtmSwOnDT,Analog,Mco_LLM_AtmSwOnDT,,5
Mco_LLM_ChamVolume,Analog,Mco_LLM_ChamVolume,,0
Mco_LLM_MaxLeakRate,Analog,Mco_LLM_MaxLeakRate,,0
Mco_LLM_MaxRunUpTimeTmp,Analog,Mco_LLM_MaxRunUpTimeTmp,,600
Mco_LLM_MaxTimeEvac,Analog,Mco_LLM_MaxTimeEvac,,180
Mco_LLM_MaxTimeLk,Analog,Mco_LLM_MaxTimeLk,,5
Mco_LLM_MaxTimeVent,Analog,Mco_LLM_MaxTimeVent,,90
Mco_LLM_SoftEvacValveCnf,Analog,Mco_LLM_SoftEvacValveCnf,,1
Mco_LLM_SoftVentMode,Analog,Mco_LLM_SoftVentMode,,1
Mco_LLM_SoftVentTime,Analog,Mco_LLM_SoftVentTime,,30
Mco_LLM_SoftVentVCnf,Analog,Mco_LLM_SoftVentVCnf,,1
Mco_LLM_ThrustDrvAccel,Analog,Mco_LLM_ThrustDrvAccel,,0
Mco_LLM_ThrustDrvDecel,Analog,Mco_LLM_ThrustDrvDecel,,0
Mco_LLM_ThrustDrvPosLkMod,Analog,Mco_LLM_ThrustDrvPosLkMod,,0
Mco_LLM_ThrustDrvPosPMod,Analog,Mco_LLM_ThrustDrvPosPMod,,680
Mco_LLM_ThrustDrvPosTol,Analog,Mco_LLM_ThrustDrvPosTol,,0.100000001
Mco_LLM_ThrustDrvVeloJOG,Analog,Mco_LLM_ThrustDrvVeloJOG,,1
Mco_LLM_ThrustDrvVeloPos,Analog,Mco_LLM_ThrustDrvVeloPos,,20
Mco_LLM_Tr_EvacReadyRoughVac_RES,Analog,Mco_LLM_Tr_EvacReadyRoughVac_RES,,0.5
Mco_LLM_Tr_EvacReadyRoughVac_SET,Analog,Mco_LLM_Tr_EvacReadyRoughVac_SET,,0.01
Mco_LLM_Tr_Lk_RES,Analog,Mco_LLM_Tr_Lk_RES,,0.050000001
Mco_LLM_Tr_Lk_SET,Analog,Mco_LLM_Tr_Lk_SET,,0.001
Mco_LLM_Tr_MainEvac_RES,Analog,Mco_LLM_Tr_MainEvac_RES,,60
Mco_LLM_Tr_MainEvac_SET,Analog,Mco_LLM_Tr_MainEvac_SET,,40
Mco_LLM_Tr_MainVent_RES,Analog,Mco_LLM_Tr_MainVent_RES,,1050
Mco_LLM_Tr_MainVent_SET,Analog,Mco_LLM_Tr_MainVent_SET,,120
Mco_LLM_Tr_Tmp_phv_RES,Analog,Mco_LLM_Tr_Tmp_phv_RES,,0.079999998
Mco_LLM_Tr_Tmp_phv_SET,Analog,Mco_LLM_Tr_Tmp_phv_SET,,0.050000001
Mco_LLM_Tr_V111_V211_RES,Analog,Mco_LLM_Tr_V111_V211_RES,,0.5
Mco_LLM_Tr_V111_V211_SET,Analog,Mco_LLM_Tr_V111_V211_SET,,0.100000001
Mco_OMS_BacksideReflection,Analog,Mco_OMS_BacksideReflection,,0
Mco_OMS_Cnf,Analog,Mco_OMS_Cnf,,1
Mco_OMS_DetectorConst1,Analog,Mco_OMS_DetectorConst1,,0
Mco_OMS_DetectorConst2,Analog,Mco_OMS_DetectorConst2,,0
Mco_OMS_DetectorWLMax1,Analog,Mco_OMS_DetectorWLMax1,,850
Mco_OMS_DetectorWLMax2,Analog,Mco_OMS_DetectorWLMax2,,1500
Mco_OMS_DetectorWLMin1,Analog,Mco_OMS_DetectorWLMin1,,200
Mco_OMS_DetectorWLMin2,Analog,Mco_OMS_DetectorWLMin2,,850
Mco_OMS_EnCnfDetectors,Analog,Mco_OMS_EnCnfDetectors,,0
Mco_OMS_EndDarkInt,Analog,Mco_OMS_EndDarkInt,,2200
Mco_OMS_EndDarkRef,Analog,Mco_OMS_EndDarkRef,,2200
Mco_OMS_EndInt,Analog,Mco_OMS_EndInt,,2200
Mco_OMS_EndRef,Analog,Mco_OMS_EndRef,,2200
Mco_OMS_EnIntermittenDataSet,Analog,Mco_OMS_EnIntermittenDataSet,,0
Mco_OMS_FilterWLMax1,Analog,Mco_OMS_FilterWLMax1,,2500
Mco_OMS_FilterWLMax2,Analog,Mco_OMS_FilterWLMax2,,639
Mco_OMS_FilterWLMax3,Analog,Mco_OMS_FilterWLMax3,,1179
Mco_OMS_FilterWLMax4,Analog,Mco_OMS_FilterWLMax4,,1999
Mco_OMS_FilterWLMax5,Analog,Mco_OMS_FilterWLMax5,,2500
Mco_OMS_FilterWLMin1,Analog,Mco_OMS_FilterWLMin1,,0
Mco_OMS_FilterWLMin2,Analog,Mco_OMS_FilterWLMin2,,360
Mco_OMS_FilterWLMin3,Analog,Mco_OMS_FilterWLMin3,,620
Mco_OMS_FilterWLMin4,Analog,Mco_OMS_FilterWLMin4,,1050
Mco_OMS_FilterWLMin5,Analog,Mco_OMS_FilterWLMin5,,1800
Mco_OMS_GridWLMax1,Analog,Mco_OMS_GridWLMax1,,360
Mco_OMS_GridWLMax2,Analog,Mco_OMS_GridWLMax2,,850
Mco_OMS_GridWLMax3,Analog,Mco_OMS_GridWLMax3,,1750
Mco_OMS_GridWLMin1,Analog,Mco_OMS_GridWLMin1,,160
Mco_OMS_GridWLMin2,Analog,Mco_OMS_GridWLMin2,,350
Mco_OMS_GridWLMin3,Analog,Mco_OMS_GridWLMin3,,840
Mco_OMS_IntermNoOfSlts,Analog,Mco_OMS_IntermNoOfSlts,,4
Mco_OMS_LampOpTime1,Analog,Mco_OMS_LampOpTime1,,1500
Mco_OMS_LampOpTime2,Analog,Mco_OMS_LampOpTime2,,1500
Mco_OMS_LampSwOffMode,Analog,Mco_OMS_LampSwOffMode,,0
Mco_OMS_LocalHost,Message,Mco_OMS_LocalHost,,192.168.1.1
Mco_OMS_LocalPort,Analog,Mco_OMS_LocalPort,,5040
Mco_OMS_NoLinesEnc,Analog,Mco_OMS_NoLinesEnc,,2048
Mco_OMS_OffsetEnc,Analog,Mco_OMS_OffsetEnc,,0
Mco_OMS_OverwRecOutpRange,Analog,Mco_OMS_OverwRecOutpRange,,0
Mco_OMS_RemoteHost,Message,Mco_OMS_RemoteHost,,192.168.1.3
Mco_OMS_RemotePort,Analog,Mco_OMS_RemotePort,,7026
Mco_OMS_StartDarkInt,Analog,Mco_OMS_StartDarkInt,,2200
Mco_OMS_StartDarkRef,Analog,Mco_OMS_StartDarkRef,,2200
Mco_OMS_StartInt,Analog,Mco_OMS_StartInt,,2200
Mco_OMS_StartRef,Analog,Mco_OMS_StartRef,,2200
Mco_OMS_TSChangerType,Analog,Mco_OMS_TSChangerType,,1
Mco_OMS_S_Configuration,Analog,Mco_OMS_S_Configuration,,0
MCO_OMS_PortPosType,Analog,MCO_OMS_PortPosType,,1
MCO_OMS_LightFiberSwitch,Analog,MCO_OMS_LightFiberSwitch,,0
MCO_OMS_LightPassageMon,Analog,MCO_OMS_LightPassageMon,,0
Mco_PM_IdlePowerMode,Analog,Mco_PM_IdlePowerMode,,1
Mco_PM_AtmSwOnDT,Analog,Mco_PM_AtmSwOnDT,,120
Mco_PM_ChamPTRIgnGasNo,Analog,Mco_PM_ChamPTRIgnGasNo,,2
Mco_PM_ChamPTRIgnGF,Analog,Mco_PM_ChamPTRIgnGF,,50
Mco_PM_ChamPTRIgnOnDT,Analog,Mco_PM_ChamPTRIgnOnDT,,2
Mco_PM_ChamPTRIgnTime,Analog,Mco_PM_ChamPTRIgnTime,,10
Mco_PM_ChamPTRIgnTrials,Analog,Mco_PM_ChamPTRIgnTrials,,3
Mco_PM_ChamVolume,Analog,Mco_PM_ChamVolume,,0
Mco_PM_ChamTTR2_Cnf,Analog,Mco_PM_ChamTTR2_Cnf,,0
Mco_PM_LeakTestLineEvacTime,Analog,Mco_PM_LeakTestLineEvacTime,,60
Mco_PM_GFFltDT,Analog,Mco_PM_GFFltDT,,10
Mco_PM_GFWarnDT,Analog,Mco_PM_GFWarnDT,,10
Mco_PM_HtCtrlrTempReadyTolHigh,Analog,Mco_PM_HtCtrlrTempReadyTolHigh,,5
Mco_PM_HtCtrlrTempReadyTolLow,Analog,Mco_PM_HtCtrlrTempReadyTolLow,,5
Mco_PM_HtCtrlrTempStabT,Analog,Mco_PM_HtCtrlrTempStabT,,5
Mco_PM_HtCircCnf,Analog,Mco_PM_HtCircCnf,,2
Mco_PM_HtCtrlrTempTolHigh,Analog,Mco_PM_HtCtrlrTempTolHigh,,2
Mco_PM_HtCtrlrTempTolLow,Analog,Mco_PM_HtCtrlrTempTolLow,,2
Mco_PM_HtCtrlrTv,Analog,Mco_PM_HtCtrlrTv,,0
Mco_PM_LiftDrvAccel,Analog,Mco_PM_LiftDrvAccel,,0
Mco_PM_LiftDrvDecel,Analog,Mco_PM_LiftDrvDecel,,0
Mco_PM_LiftDrvPosDown,Analog,Mco_PM_LiftDrvPosDown,,0
Mco_PM_LiftDrvPosTol,Analog,Mco_PM_LiftDrvPosTol,,0.100000001
Mco_PM_LiftDrvPosUp,Analog,Mco_PM_LiftDrvPosUp,,50
Mco_PM_LiftDrvVeloJOG,Analog,Mco_PM_LiftDrvVeloJOG,,1
Mco_PM_LiftDrvVeloPos,Analog,Mco_PM_LiftDrvVeloPos,,5
MCO_PM_LiftDrvSubstRedVeloMode,Analog,MCO_PM_LiftDrvSubstRedVeloMode,,0
MCO_PM_LiftDrvSubstPickPosTS,Analog,MCO_PM_LiftDrvSubstPickPosTS,,10
MCO_PM_LiftDrvSubstPickPos,Analog,MCO_PM_LiftDrvSubstPickPos,,20
MCO_PM_LiftDrvSubstPlacePos,Analog,MCO_PM_LiftDrvSubstPlacePos,,30
MCO_PM_LiftDrvSubstTransDist,Analog,MCO_PM_LiftDrvSubstTransDist,,2
MCO_PM_LiftDrvSubstTransVelo,Analog,MCO_PM_LiftDrvSubstTransVelo,,10
Mco_PM_LSCMinCurr,Analog,Mco_PM_LSCMinCurr,,10
Mco_PM_LSCMinPwr,Analog,Mco_PM_LSCMinPwr,,200
Mco_PM_LSCMinVolt,Analog,Mco_PM_LSCMinVolt,,100
Mco_PM_LSHeatingStabT,Analog,Mco_PM_LSHeatingStabT,,900
Mco_PM_LSVoltMaxSc,Analog,Mco_PM_LSVoltMaxSc,,400
MCO_PM_LSChkVoltSensor1,Analog,MCO_PM_LSChkVoltSensor1,,320
MCO_PM_LSChkVoltSensor2,Analog,MCO_PM_LSChkVoltSensor2,,320
MCO_PM_LSChkVoltTol,Analog,MCO_PM_LSChkVoltTol,,2
MCO_PM_LSChkOnDTChk,Analog,MCO_PM_LSChkOnDTChk,,60
MCO_PM_LSChkGasNo,Analog,MCO_PM_LSChkGasNo,,3
MCO_PM_LSChkGF,Analog,MCO_PM_LSChkGF,,10
Mco_PM_MaxLeakRate,Analog,Mco_PM_MaxLeakRate,,0
Mco_PM_MaxRunUpTimeTmps,Analog,Mco_PM_MaxRunUpTimeTmps,,600
Mco_PM_MaxTimeEvac,Analog,Mco_PM_MaxTimeEvac,,3600
Mco_PM_MaxTimeProcStop,Analog,Mco_PM_MaxTimeProcStop,,600
Mco_PM_MaxTimeVent,Analog,Mco_PM_MaxTimeVent,,1800
Mco_PM_MDrvMaxSubst,Analog,Mco_PM_MDrvMaxSubst,,12
Mco_PM_MDrvPosCathPVD1,Analog,Mco_PM_MDrvPosCathPVD1,,270
Mco_PM_MDrvPosCathPVD2,Analog,Mco_PM_MDrvPosCathPVD2,,90
Mco_PM_MDrvPosCathPVD3,Analog,Mco_PM_MDrvPosCathPVD3,,180
Mco_PM_MDrvPosOMS,Analog,Mco_PM_MDrvPosOMS,,310
Mco_PM_MDrvPosPyro,Analog,Mco_PM_MDrvPosPyro,,114
Mco_PM_MDrvPosTol,Analog,Mco_PM_MDrvPosTol,,0.100000001
Mco_PM_MDrvVeloJOG,Analog,Mco_PM_MDrvVeloJOG,,5
Mco_PM_MDrvVeloMax,Analog,Mco_PM_MDrvVeloMax,,400
Mco_PM_MDrvVeloPos,Analog,Mco_PM_MDrvVeloPos,,100
MCO_PM_PBS_PlasSplyMaxDev,Analog,MCO_PM_PBS_PlasSplyMaxDev,,5
MCO_PM_PBS_PlasSplyDevFltDT,Analog,MCO_PM_PBS_PlasSplyDevFltDT,,5
Mco_PM_PBS_Gas1FlowFTolPerc,Analog,Mco_PM_PBS_Gas1FlowFTolPerc,,15
Mco_PM_PBS_Gas1FlowMaxSc,Analog,Mco_PM_PBS_Gas1FlowMaxSc,,100
Mco_PM_PBS_Gas2FlowFTolPerc,Analog,Mco_PM_PBS_Gas2FlowFTolPerc,,15
Mco_PM_PBS_Gas2FlowMaxSc,Analog,Mco_PM_PBS_Gas2FlowMaxSc,,100
Mco_PM_PBS_Gas3FlowFTolPerc,Analog,Mco_PM_PBS_Gas3FlowFTolPerc,,15
Mco_PM_PBS_Gas3FlowMaxSc,Analog,Mco_PM_PBS_Gas3FlowMaxSc,,100
Mco_PM_PBS_MagCoilCurr,Analog,Mco_PM_PBS_MagCoilCurr,,1.75
Mco_PM_PBS_MagCoilCurrFltDT,Analog,Mco_PM_PBS_MagCoilCurrFltDT,,10
Mco_PM_PBS_MagCoilCurrMaxDev,Analog,Mco_PM_PBS_MagCoilCurrMaxDev,,0.100000001
Mco_PM_PBS_MagCoilCurrMaxSc,Analog,Mco_PM_PBS_MagCoilCurrMaxSc,,3.5
Mco_PM_PBS_MBoxPosTol,Analog,Mco_PM_PBS_MBoxPosTol,,0.100000001
Mco_PM_PBS_MBoxType,Analog,Mco_PM_PBS_MBoxType,,1
Mco_PM_PBS_MBoxC3Config,Analog,Mco_PM_PBS_MBoxC3Config,,0
Mco_PM_PBS_SplyAdjustRT,Analog,Mco_PM_PBS_SplyAdjustRT,,2
Mco_PM_PBS_SplyPwrMaxSc,Analog,Mco_PM_PBS_SplyPwrMaxSc,,3000
Mco_PM_PBS_SplyRefPwrMaxSc,Analog,Mco_PM_PBS_SplyRefPwrMaxSc,,300
Mco_PM_PBS_SplyType,Analog,Mco_PM_PBS_SplyType,,1
Mco_PM_PBS_WFlowNoPulses,Analog,Mco_PM_PBS_WFlowNoPulses,,113
Mco_PM_PBS_WFlowNomFlowSrc,Analog,Mco_PM_PBS_WFlowNomFlowSrc,,1
MCO_PM_PBS_GasMainFCtrlrType,Analog,MCO_PM_PBS_GasMainFCtrlrType,,1
MCO_PM_PBS_Gas1FluidNumber,Analog,MCO_PM_PBS_Gas1FluidNumber,,2
MCO_PM_PBS_Gas2FluidNumber,Analog,MCO_PM_PBS_Gas2FluidNumber,,2
MCO_PM_PBS_Gas3FluidNumber,Analog,MCO_PM_PBS_Gas3FluidNumber,,2
MCO_PM_PBS_Gas1EvacFlow,Analog,MCO_PM_PBS_Gas1EvacFlow,,80
MCO_PM_PBS_Gas2EvacFlow,Analog,MCO_PM_PBS_Gas2EvacFlow,,80
MCO_PM_PBS_Gas3EvacFlow,Analog,MCO_PM_PBS_Gas3EvacFlow,,80
MCO_PM_PBS_GasNoPeakPress,Analog,MCO_PM_PBS_GasNoPeakPress,,1
MCO_PM_PBS_GasPeakPressTime,Analog,MCO_PM_PBS_GasPeakPressTime,,300
Mco_PM_PreP1MonTimeN2PrgGF,Analog,Mco_PM_PreP1MonTimeN2PrgGF,,10
Mco_PM_PreP1MonTimeWFlow,Analog,Mco_PM_PreP1MonTimeWFlow,,60
Mco_PM_PrePSetType,Analog,Mco_PM_PrePSetType,,1
Mco_PM_PVD1_CathCnf,Analog,Mco_PM_PVD1_CathCnf,,0
Mco_PM_PVD1_CathMatchingTransFac,Analog,Mco_PM_PVD1_CathMatchingTransFac,,1
Mco_PM_PVD1_Gas1FlowFTolPerc,Analog,Mco_PM_PVD1_Gas1FlowFTolPerc,,15
Mco_PM_PVD1_Gas1FlowMaxSc,Analog,Mco_PM_PVD1_Gas1FlowMaxSc,,100
Mco_PM_PVD1_Gas2FlowFTolPerc,Analog,Mco_PM_PVD1_Gas2FlowFTolPerc,,15
Mco_PM_PVD1_Gas2FlowMaxSc,Analog,Mco_PM_PVD1_Gas2FlowMaxSc,,100
Mco_PM_PVD1_Gas3FlowFTolPerc,Analog,Mco_PM_PVD1_Gas3FlowFTolPerc,,15
Mco_PM_PVD1_Gas3FlowMaxSc,Analog,Mco_PM_PVD1_Gas3FlowMaxSc,,100
Mco_PM_PVD1_Gas4FlowFTolPerc,Analog,Mco_PM_PVD1_Gas4FlowFTolPerc,,15
Mco_PM_PVD1_Gas4FlowMaxSc,Analog,Mco_PM_PVD1_Gas4FlowMaxSc,,50
Mco_PM_PVD1_MFRCnf,Analog,Mco_PM_PVD1_MFRCnf,,0
Mco_PM_PVD1_MFRMode,Analog,Mco_PM_PVD1_MFRMode,,1
Mco_PM_PVD1_MBoxCnf,Analog,Mco_PM_PVD1_MBoxCnf,,0
Mco_PM_PVD1_MBoxRohmin,Analog,Mco_PM_PVD1_MBoxRohmin,,160
Mco_PM_PVD1_MBoxC1Inc,Analog,Mco_PM_PVD1_MBoxC1Inc,,1
Mco_PM_PVD1_MBoxC2Inc,Analog,Mco_PM_PVD1_MBoxC2Inc,,1
MCO_PM_PVD1_SPMPrSl,Analog,MCO_PM_PVD1_SPMPrSl,,0
MCO_PM_PVD1_SPMMode,Analog,MCO_PM_PVD1_SPMMode,,1
MCO_PM_PVD1_SPMOverr,Analog,MCO_PM_PVD1_SPMOverr,,100
MCO_PM_PVD1_SPMTimeLag,Analog,MCO_PM_PVD1_SPMTimeLag,,15
MCO_PM_PVD1_SPMAxisPosOffset,Analog,MCO_PM_PVD1_SPMAxisPosOffset,,0
MCO_PM_PVD1_SPMPulseWidth,Analog,MCO_PM_PVD1_SPMPulseWidth,,20
MCO_PM_PVD1_SPMSubstOffsetOvr_01,Analog,MCO_PM_PVD1_SPMSubstOffsetOvr_01,,0
MCO_PM_PVD1_SPMSubstOffsetOvr_02,Analog,MCO_PM_PVD1_SPMSubstOffsetOvr_02,,0
MCO_PM_PVD1_SPMSubstOffsetOvr_03,Analog,MCO_PM_PVD1_SPMSubstOffsetOvr_03,,0
MCO_PM_PVD1_SPMSubstOffsetOvr_04,Analog,MCO_PM_PVD1_SPMSubstOffsetOvr_04,,0
MCO_PM_PVD1_SPMSubstOffsetOvr_05,Analog,MCO_PM_PVD1_SPMSubstOffsetOvr_05,,0
MCO_PM_PVD1_SPMSubstOffsetOvr_06,Analog,MCO_PM_PVD1_SPMSubstOffsetOvr_06,,0
MCO_PM_PVD1_SPMSubstOffsetOvr_07,Analog,MCO_PM_PVD1_SPMSubstOffsetOvr_07,,0
MCO_PM_PVD1_SPMSubstOffsetOvr_08,Analog,MCO_PM_PVD1_SPMSubstOffsetOvr_08,,0
MCO_PM_PVD1_SPMSubstOffsetOvr_09,Analog,MCO_PM_PVD1_SPMSubstOffsetOvr_09,,0
MCO_PM_PVD1_SPMSubstOffsetOvr_10,Analog,MCO_PM_PVD1_SPMSubstOffsetOvr_10,,0
MCO_PM_PVD1_SPMSubstOffsetOvr_11,Analog,MCO_PM_PVD1_SPMSubstOffsetOvr_11,,0
MCO_PM_PVD1_SPMSubstOffsetOvr_12,Analog,MCO_PM_PVD1_SPMSubstOffsetOvr_12,,0
Mco_PM_PVD1_TargetEnergieMax,Analog,Mco_PM_PVD1_TargetEnergieMax,,400
Mco_PM_PVD1_TargetEnergieRemMin,Analog,Mco_PM_PVD1_TargetEnergieRemMin,,5
Mco_PM_PVD1_WFlowNomFlowTarget1,Analog,Mco_PM_PVD1_WFlowNomFlowTarget1,,8
Mco_PM_PVD1_WFlowNomFlowTarget2,Analog,Mco_PM_PVD1_WFlowNomFlowTarget2,,8
Mco_PM_PVD1_WFlowNomFlowMBox,Analog,Mco_PM_PVD1_WFlowNomFlowMBox,,2
Mco_PM_PVD1_PlasSplyMaxDev,Analog,Mco_PM_PVD1_PlasSplyMaxDev,,5
Mco_PM_PVD1_PlasSplyDevFltDT,Analog,Mco_PM_PVD1_PlasSplyDevFltDT,,5
Mco_PM_PVD2_CathCnf,Analog,Mco_PM_PVD2_CathCnf,,0
Mco_PM_PVD2_CathMatchingTransFac,Analog,Mco_PM_PVD2_CathMatchingTransFac,,1
Mco_PM_PVD2_Gas1FlowFTolPerc,Analog,Mco_PM_PVD2_Gas1FlowFTolPerc,,15
Mco_PM_PVD2_Gas1FlowMaxSc,Analog,Mco_PM_PVD2_Gas1FlowMaxSc,,100
Mco_PM_PVD2_Gas2FlowFTolPerc,Analog,Mco_PM_PVD2_Gas2FlowFTolPerc,,15
Mco_PM_PVD2_Gas2FlowMaxSc,Analog,Mco_PM_PVD2_Gas2FlowMaxSc,,100
Mco_PM_PVD2_Gas3FlowFTolPerc,Analog,Mco_PM_PVD2_Gas3FlowFTolPerc,,15
Mco_PM_PVD2_Gas3FlowMaxSc,Analog,Mco_PM_PVD2_Gas3FlowMaxSc,,100
Mco_PM_PVD2_Gas4FlowFTolPerc,Analog,Mco_PM_PVD2_Gas4FlowFTolPerc,,15
Mco_PM_PVD2_Gas4FlowMaxSc,Analog,Mco_PM_PVD2_Gas4FlowMaxSc,,50
Mco_PM_PVD2_MFRCnf,Analog,Mco_PM_PVD2_MFRCnf,,0
Mco_PM_PVD2_MFRMode,Analog,Mco_PM_PVD2_MFRMode,,1
Mco_PM_PVD2_MBoxCnf,Analog,Mco_PM_PVD2_MBoxCnf,,0
Mco_PM_PVD2_MBoxRohmin,Analog,Mco_PM_PVD2_MBoxRohmin,,160
Mco_PM_PVD2_MBoxC1Inc,Analog,Mco_PM_PVD2_MBoxC1Inc,,1
Mco_PM_PVD2_MBoxC2Inc,Analog,Mco_PM_PVD2_MBoxC2Inc,,1
MCO_PM_PVD2_SPMPrSl,Analog,MCO_PM_PVD2_SPMPrSl,,0
MCO_PM_PVD2_SPMMode,Analog,MCO_PM_PVD2_SPMMode,,1
MCO_PM_PVD2_SPMOverr,Analog,MCO_PM_PVD2_SPMOverr,,100
MCO_PM_PVD2_SPMTimeLag,Analog,MCO_PM_PVD2_SPMTimeLag,,15
MCO_PM_PVD2_SPMAxisPosOffset,Analog,MCO_PM_PVD2_SPMAxisPosOffset,,0
MCO_PM_PVD2_SPMPulseWidth,Analog,MCO_PM_PVD2_SPMPulseWidth,,20
MCO_PM_PVD2_SPMSubstOffsetOvr_01,Analog,MCO_PM_PVD2_SPMSubstOffsetOvr_01,,0
MCO_PM_PVD2_SPMSubstOffsetOvr_02,Analog,MCO_PM_PVD2_SPMSubstOffsetOvr_02,,0
MCO_PM_PVD2_SPMSubstOffsetOvr_03,Analog,MCO_PM_PVD2_SPMSubstOffsetOvr_03,,0
MCO_PM_PVD2_SPMSubstOffsetOvr_04,Analog,MCO_PM_PVD2_SPMSubstOffsetOvr_04,,0
MCO_PM_PVD2_SPMSubstOffsetOvr_05,Analog,MCO_PM_PVD2_SPMSubstOffsetOvr_05,,0
MCO_PM_PVD2_SPMSubstOffsetOvr_06,Analog,MCO_PM_PVD2_SPMSubstOffsetOvr_06,,0
MCO_PM_PVD2_SPMSubstOffsetOvr_07,Analog,MCO_PM_PVD2_SPMSubstOffsetOvr_07,,0
MCO_PM_PVD2_SPMSubstOffsetOvr_08,Analog,MCO_PM_PVD2_SPMSubstOffsetOvr_08,,0
MCO_PM_PVD2_SPMSubstOffsetOvr_09,Analog,MCO_PM_PVD2_SPMSubstOffsetOvr_09,,0
MCO_PM_PVD2_SPMSubstOffsetOvr_10,Analog,MCO_PM_PVD2_SPMSubstOffsetOvr_10,,0
MCO_PM_PVD2_SPMSubstOffsetOvr_11,Analog,MCO_PM_PVD2_SPMSubstOffsetOvr_11,,0
MCO_PM_PVD2_SPMSubstOffsetOvr_12,Analog,MCO_PM_PVD2_SPMSubstOffsetOvr_12,,0
Mco_PM_PVD2_TargetEnergieMax,Analog,Mco_PM_PVD2_TargetEnergieMax,,400
Mco_PM_PVD2_TargetEnergieRemMin,Analog,Mco_PM_PVD2_TargetEnergieRemMin,,5
Mco_PM_PVD2_WFlowNomFlowTarget1,Analog,Mco_PM_PVD2_WFlowNomFlowTarget1,,8
Mco_PM_PVD2_WFlowNomFlowTarget2,Analog,Mco_PM_PVD2_WFlowNomFlowTarget2,,8
Mco_PM_PVD2_WFlowNomFlowMBox,Analog,Mco_PM_PVD2_WFlowNomFlowMBox,,2
Mco_PM_PVD2_PlasSplyMaxDev,Analog,Mco_PM_PVD2_PlasSplyMaxDev,,5
Mco_PM_PVD2_PlasSplyDevFltDT,Analog,Mco_PM_PVD2_PlasSplyDevFltDT,,5
Mco_PM_PVD3_CathCnf,Analog,Mco_PM_PVD3_CathCnf,,0
Mco_PM_PVD3_CathMatchingTransFac,Analog,Mco_PM_PVD3_CathMatchingTransFac,,1
Mco_PM_PVD3_Gas1FlowFTolPerc,Analog,Mco_PM_PVD3_Gas1FlowFTolPerc,,15
Mco_PM_PVD3_Gas1FlowMaxSc,Analog,Mco_PM_PVD3_Gas1FlowMaxSc,,100
Mco_PM_PVD3_Gas2FlowFTolPerc,Analog,Mco_PM_PVD3_Gas2FlowFTolPerc,,15
Mco_PM_PVD3_Gas2FlowMaxSc,Analog,Mco_PM_PVD3_Gas2FlowMaxSc,,100
Mco_PM_PVD3_Gas3FlowFTolPerc,Analog,Mco_PM_PVD3_Gas3FlowFTolPerc,,15
Mco_PM_PVD3_Gas3FlowMaxSc,Analog,Mco_PM_PVD3_Gas3FlowMaxSc,,100
Mco_PM_PVD3_Gas4FlowFTolPerc,Analog,Mco_PM_PVD3_Gas4FlowFTolPerc,,15
Mco_PM_PVD3_Gas4FlowMaxSc,Analog,Mco_PM_PVD3_Gas4FlowMaxSc,,50
Mco_PM_PVD3_MFRCnf,Analog,Mco_PM_PVD3_MFRCnf,,0
Mco_PM_PVD3_MFRMode,Analog,Mco_PM_PVD3_MFRMode,,1
Mco_PM_PVD3_MBoxCnf,Analog,Mco_PM_PVD3_MBoxCnf,,0
Mco_PM_PVD3_MBoxRohmin,Analog,Mco_PM_PVD3_MBoxRohmin,,160
Mco_PM_PVD3_MBoxC1Inc,Analog,Mco_PM_PVD3_MBoxC1Inc,,1
Mco_PM_PVD3_MBoxC2Inc,Analog,Mco_PM_PVD3_MBoxC2Inc,,1
MCO_PM_PVD3_SPMPrSl,Analog,MCO_PM_PVD3_SPMPrSl,,0
MCO_PM_PVD3_SPMMode,Analog,MCO_PM_PVD3_SPMMode,,1
MCO_PM_PVD3_SPMOverr,Analog,MCO_PM_PVD3_SPMOverr,,100
MCO_PM_PVD3_SPMTimeLag,Analog,MCO_PM_PVD3_SPMTimeLag,,15
MCO_PM_PVD3_SPMAxisPosOffset,Analog,MCO_PM_PVD3_SPMAxisPosOffset,,0
MCO_PM_PVD3_SPMPulseWidth,Analog,MCO_PM_PVD3_SPMPulseWidth,,20
MCO_PM_PVD3_SPMSubstOffsetOvr_01,Analog,MCO_PM_PVD3_SPMSubstOffsetOvr_01,,0
MCO_PM_PVD3_SPMSubstOffsetOvr_02,Analog,MCO_PM_PVD3_SPMSubstOffsetOvr_02,,0
MCO_PM_PVD3_SPMSubstOffsetOvr_03,Analog,MCO_PM_PVD3_SPMSubstOffsetOvr_03,,0
MCO_PM_PVD3_SPMSubstOffsetOvr_04,Analog,MCO_PM_PVD3_SPMSubstOffsetOvr_04,,0
MCO_PM_PVD3_SPMSubstOffsetOvr_05,Analog,MCO_PM_PVD3_SPMSubstOffsetOvr_05,,0
MCO_PM_PVD3_SPMSubstOffsetOvr_06,Analog,MCO_PM_PVD3_SPMSubstOffsetOvr_06,,0
MCO_PM_PVD3_SPMSubstOffsetOvr_07,Analog,MCO_PM_PVD3_SPMSubstOffsetOvr_07,,0
MCO_PM_PVD3_SPMSubstOffsetOvr_08,Analog,MCO_PM_PVD3_SPMSubstOffsetOvr_08,,0
MCO_PM_PVD3_SPMSubstOffsetOvr_09,Analog,MCO_PM_PVD3_SPMSubstOffsetOvr_09,,0
MCO_PM_PVD3_SPMSubstOffsetOvr_10,Analog,MCO_PM_PVD3_SPMSubstOffsetOvr_10,,0
MCO_PM_PVD3_SPMSubstOffsetOvr_11,Analog,MCO_PM_PVD3_SPMSubstOffsetOvr_11,,0
MCO_PM_PVD3_SPMSubstOffsetOvr_12,Analog,MCO_PM_PVD3_SPMSubstOffsetOvr_12,,0
Mco_PM_PVD3_TargetEnergieMax,Analog,Mco_PM_PVD3_TargetEnergieMax,,400
Mco_PM_PVD3_TargetEnergieRemMin,Analog,Mco_PM_PVD3_TargetEnergieRemMin,,5
Mco_PM_PVD3_WFlowNomFlowTarget1,Analog,Mco_PM_PVD3_WFlowNomFlowTarget1,,8
Mco_PM_PVD3_WFlowNomFlowTarget2,Analog,Mco_PM_PVD3_WFlowNomFlowTarget2,,8
Mco_PM_PVD3_WFlowNomFlowMBox,Analog,Mco_PM_PVD3_WFlowNomFlowMBox,,2
Mco_PM_PVD3_PlasSplyMaxDev,Analog,Mco_PM_PVD3_PlasSplyMaxDev,,5
Mco_PM_PVD3_PlasSplyDevFltDT,Analog,Mco_PM_PVD3_PlasSplyDevFltDT,,5
Mco_PM_PVD_MFRAccel,Analog,Mco_PM_PVD_MFRAccel,,0
Mco_PM_PVD_MFRDecel,Analog,Mco_PM_PVD_MFRDecel,,0
MCO_PM_PVD_MBoxPosTol,Analog,MCO_PM_PVD_MBoxPosTol,,0.2
Mco_PM_PVD_MFRMaxPos,Analog,Mco_PM_PVD_MFRMaxPos,,6
Mco_PM_PVD_MFRPosTol,Analog,Mco_PM_PVD_MFRPosTol,,0.01
Mco_PM_PVD_MFRPosVelo,Analog,Mco_PM_PVD_MFRPosVelo,,0.5
Mco_PM_PVD_Sply1Usage,Analog,Mco_PM_PVD_Sply1Usage,,1
Mco_PM_PVD_Sply2Usage,Analog,Mco_PM_PVD_Sply2Usage,,1
Mco_PM_PVD_Sply1Type,Analog,Mco_PM_PVD_Sply1Type,,1
Mco_PM_PVD_Sply1CurrMaxSc,Analog,Mco_PM_PVD_Sply1CurrMaxSc,,20
Mco_PM_PVD_Sply1PwrMaxSc,Analog,Mco_PM_PVD_Sply1PwrMaxSc,,20000
Mco_PM_PVD_Sply1VoltMaxSc,Analog,Mco_PM_PVD_Sply1VoltMaxSc,,1000
Mco_PM_PVD_Sply1RefPwrMaxSc,Analog,Mco_PM_PVD_Sply1RefPwrMaxSc,,2400
Mco_PM_PVD_Sply1MaxRefPwr,Analog,Mco_PM_PVD_Sply1MaxRefPwr,,300
Mco_PM_PVD_Sply1MBoxTuningTime,Analog,Mco_PM_PVD_Sply1MBoxTuningTime,,5
Mco_PM_PVD_Sply2Type,Analog,Mco_PM_PVD_Sply2Type,,0
Mco_PM_PVD_Sply2CurrMaxSc,Analog,Mco_PM_PVD_Sply2CurrMaxSc,,20
Mco_PM_PVD_Sply2PwrMaxSc,Analog,Mco_PM_PVD_Sply2PwrMaxSc,,20000
Mco_PM_PVD_Sply2VoltMaxSc,Analog,Mco_PM_PVD_Sply2VoltMaxSc,,1000
Mco_PM_PVD_Sply2RefPwrMaxSc,Analog,Mco_PM_PVD_Sply2RefPwrMaxSc,,2400
Mco_PM_PVD_Sply2MaxRefPwr,Analog,Mco_PM_PVD_Sply2MaxRefPwr,,300
Mco_PM_PVD_Sply2MBoxTuningTime,Analog,Mco_PM_PVD_Sply2MBoxTuningTime,,5
Mco_PM_PVD_Sply3Type,Analog,Mco_PM_PVD_Sply3Type,,0
Mco_PM_PVD_Sply3CurrMaxSc,Analog,Mco_PM_PVD_Sply3CurrMaxSc,,20
Mco_PM_PVD_Sply3PwrMaxSc,Analog,Mco_PM_PVD_Sply3PwrMaxSc,,20000
Mco_PM_PVD_Sply3VoltMaxSc,Analog,Mco_PM_PVD_Sply3VoltMaxSc,,1000
Mco_PM_PVD_Sply3RefPwrMaxSc,Analog,Mco_PM_PVD_Sply3RefPwrMaxSc,,2400
Mco_PM_PVD_Sply3MaxRefPwr,Analog,Mco_PM_PVD_Sply3MaxRefPwr,,300
Mco_PM_PVD_Sply3MBoxTuningTime,Analog,Mco_PM_PVD_Sply3MBoxTuningTime,,5
Mco_PM_PVD_Sply3PinnacleType,Analog,Mco_PM_PVD_Sply3PinnacleType,,0
MCO_PM_PVD_GasMainFCtrlrType,Analog,MCO_PM_PVD_GasMainFCtrlrType,,1
MCO_PM_PVD1_Gas1FluidNumber,Analog,MCO_PM_PVD1_Gas1FluidNumber,,2
MCO_PM_PVD1_Gas2FluidNumber,Analog,MCO_PM_PVD1_Gas2FluidNumber,,2
MCO_PM_PVD1_Gas3FluidNumber,Analog,MCO_PM_PVD1_Gas3FluidNumber,,2
MCO_PM_PVD1_Gas4FluidNumber,Analog,MCO_PM_PVD1_Gas4FluidNumber,,0
MCO_PM_PVD1_Gas1EvacFlow,Analog,MCO_PM_PVD1_Gas1EvacFlow,,80
MCO_PM_PVD1_Gas2EvacFlow,Analog,MCO_PM_PVD1_Gas2EvacFlow,,80
MCO_PM_PVD1_Gas3EvacFlow,Analog,MCO_PM_PVD1_Gas3EvacFlow,,80
MCO_PM_PVD1_Gas4EvacFlow,Analog,MCO_PM_PVD1_Gas4EvacFlow,,50
MCO_PM_PVD2_Gas1FluidNumber,Analog,MCO_PM_PVD2_Gas1FluidNumber,,2
MCO_PM_PVD2_Gas2FluidNumber,Analog,MCO_PM_PVD2_Gas2FluidNumber,,2
MCO_PM_PVD2_Gas3FluidNumber,Analog,MCO_PM_PVD2_Gas3FluidNumber,,2
MCO_PM_PVD2_Gas4FluidNumber,Analog,MCO_PM_PVD2_Gas4FluidNumber,,0
MCO_PM_PVD2_Gas1EvacFlow,Analog,MCO_PM_PVD2_Gas1EvacFlow,,80
MCO_PM_PVD2_Gas2EvacFlow,Analog,MCO_PM_PVD2_Gas2EvacFlow,,80
MCO_PM_PVD2_Gas3EvacFlow,Analog,MCO_PM_PVD2_Gas3EvacFlow,,80
MCO_PM_PVD2_Gas4EvacFlow,Analog,MCO_PM_PVD2_Gas4EvacFlow,,50
MCO_PM_PVD3_Gas1FluidNumber,Analog,MCO_PM_PVD3_Gas1FluidNumber,,2
MCO_PM_PVD3_Gas2FluidNumber,Analog,MCO_PM_PVD3_Gas2FluidNumber,,2
MCO_PM_PVD3_Gas3FluidNumber,Analog,MCO_PM_PVD3_Gas3FluidNumber,,2
MCO_PM_PVD3_Gas4FluidNumber,Analog,MCO_PM_PVD3_Gas4FluidNumber,,0
MCO_PM_PVD3_Gas1EvacFlow,Analog,MCO_PM_PVD3_Gas1EvacFlow,,80
MCO_PM_PVD3_Gas2EvacFlow,Analog,MCO_PM_PVD3_Gas2EvacFlow,,80
MCO_PM_PVD3_Gas3EvacFlow,Analog,MCO_PM_PVD3_Gas3EvacFlow,,80
MCO_PM_PVD3_Gas4EvacFlow,Analog,MCO_PM_PVD3_Gas4EvacFlow,,50
MCO_PM_PVD1_Gas4Cnf,Analog,MCO_PM_PVD1_Gas4Cnf,,0
MCO_PM_PVD2_Gas4Cnf,Analog,MCO_PM_PVD2_Gas4Cnf,,0
MCO_PM_PVD3_Gas4Cnf,Analog,MCO_PM_PVD3_Gas4Cnf,,0
MCO_PM_Sply3Pcl_ArcDetectDTIdx,Analog,MCO_PM_Sply3Pcl_ArcDetectDTIdx,,5
MCO_PM_Sply3Pcl_ArcShutdownTiIdx,Analog,MCO_PM_Sply3Pcl_ArcShutdownTiIdx,,5
MCO_PM_Sply3Pcl_HardArcCountLim,Analog,MCO_PM_Sply3Pcl_HardArcCountLim,,0
MCO_PM_Sply3Pcl_VoltArcTripLev,Analog,MCO_PM_Sply3Pcl_VoltArcTripLev,,25
MCO_PM_Sply3Pcl_ArcHandlingType,Analog,MCO_PM_Sply3Pcl_ArcHandlingType,,0
MCO_PM_Sply3Pcl_PwrLimit,Analog,MCO_PM_Sply3Pcl_PwrLimit,,3000
MCO_PM_Sply3Pcl_VoltLimit,Analog,MCO_PM_Sply3Pcl_VoltLimit,,1000
MCO_PM_Sply3Pcl_CurrLimit,Analog,MCO_PM_Sply3Pcl_CurrLimit,,8.2
MCO_PM_Sply3Pcl_UserStrikeVolt,Analog,MCO_PM_Sply3Pcl_UserStrikeVolt,,0
MCO_PM_Sply3Pcl_ArcHandlingEna,Analog,MCO_PM_Sply3Pcl_ArcHandlingEna,,1
MCO_PM_Sply3Pcl_PulsingEnaMode,Analog,MCO_PM_Sply3Pcl_PulsingEnaMode,,0
Mco_PM_SfyDTVentVs,Analog,Mco_PM_SfyDTVentVs,,80
Mco_PM_ShutterDrvAccel,Analog,Mco_PM_ShutterDrvAccel,,0
Mco_PM_ShutterDrvDecel,Analog,Mco_PM_ShutterDrvDecel,,0
Mco_PM_ShutterDrvPosTol,Analog,Mco_PM_ShutterDrvPosTol,,0.100000001
Mco_PM_ShutterDrvPPPos,Analog,Mco_PM_ShutterDrvPPPos,,45
Mco_PM_ShutterDrvPREPos,Analog,Mco_PM_ShutterDrvPREPos,,0
Mco_PM_ShutterDrvPREPosPBS,Analog,Mco_PM_ShutterDrvPREPosPBS,,-90
Mco_PM_ShutterDrvPREPosPVD3,Analog,Mco_PM_ShutterDrvPREPosPVD3,,90
MCO_PM_ShutterDrvPREPosPVD1,Analog,MCO_PM_ShutterDrvPREPosPVD1,,180
MCO_PM_ShutterDrvPPPosPVD1,Analog,MCO_PM_ShutterDrvPPPosPVD1,,135
MCO_PM_ShutterDrvPREPosPVD2,Analog,MCO_PM_ShutterDrvPREPosPVD2,,0
MCO_PM_ShutterDrvPPPosPVD2,Analog,MCO_PM_ShutterDrvPPPosPVD2,,-45
MCO_PM_ShutterDrvPREPosPVD3,Analog,MCO_PM_ShutterDrvPREPosPVD3,,-90
MCO_PM_ShutterDrvPPPosPVD3,Analog,MCO_PM_ShutterDrvPPPosPVD3,,-45
Mco_PM_ShutterDrvVeloJOG,Analog,Mco_PM_ShutterDrvVeloJOG,,1
Mco_PM_ShutterDrvVeloPos,Analog,Mco_PM_ShutterDrvVeloPos,,50
Mco_PM_ShutterInstallation,Analog,Mco_PM_ShutterInstallation,,1
Mco_PM_ShutterMaxTime,Analog,Mco_PM_ShutterMaxTime,,5
Mco_PM_ShutterType,Analog,Mco_PM_ShutterType,,1
Mco_PM_SoftVentMode,Analog,Mco_PM_SoftVentMode,,1
Mco_PM_SoftVentTime,Analog,Mco_PM_SoftVentTime,,30
Mco_PM_SubstTempMaxSc,Analog,Mco_PM_SubstTempMaxSc,,350
Mco_PM_SubstTempMinSc,Analog,Mco_PM_SubstTempMinSc,,25
Mco_PM_SubstTempMonDT,Analog,Mco_PM_SubstTempMonDT,,10
Mco_PM_SubstTempMeasNoAvgVals,Analog,Mco_PM_SubstTempMeasNoAvgVals,,20
Mco_PM_TSC_Configuration,Analog,Mco_PM_TSC_Configuration,,0
Mco_PM_TSC_TSUncoatMode,Analog,Mco_PM_TSC_TSUncoatMode,,0
Mco_PM_TSC_MaxTimeChangeTS,Analog,Mco_PM_TSC_MaxTimeChangeTS,,180
Mco_PM_TSC_MDrvSubstNoMage,Analog,Mco_PM_TSC_MDrvSubstNoMage,,1
Mco_PM_TSC_RotDrvPosTol,Analog,Mco_PM_TSC_RotDrvPosTol,,0.1
Mco_PM_TSC_RotDrvVeloPos,Analog,Mco_PM_TSC_RotDrvVeloPos,,100
Mco_PM_TSC_RotDrvVeloJOG,Analog,Mco_PM_TSC_RotDrvVeloJOG,,25
Mco_PM_TSC_RotDrvAccel,Analog,Mco_PM_TSC_RotDrvAccel,,0
Mco_PM_TSC_RotDrvDecel,Analog,Mco_PM_TSC_RotDrvDecel,,0
Mco_PM_TSC_RotDrvPosInitialSta,Analog,Mco_PM_TSC_RotDrvPosInitialSta,,0
Mco_PM_TSC_RotDrvPosTSLift,Analog,Mco_PM_TSC_RotDrvPosTSLift,,-15
Mco_PM_TSC_RotDrvPosTSChange,Analog,Mco_PM_TSC_RotDrvPosTSChange,,-29
Mco_PM_TSC_RotDrvPosNextTS,Analog,Mco_PM_TSC_RotDrvPosNextTS,,106.5
Mco_PM_TSC_LiftDrvPosTol,Analog,Mco_PM_TSC_LiftDrvPosTol,,0.1
Mco_PM_TSC_LiftDrvVeloPos,Analog,Mco_PM_TSC_LiftDrvVeloPos,,20
Mco_PM_TSC_LiftDrvVeloJOG,Analog,Mco_PM_TSC_LiftDrvVeloJOG,,5
Mco_PM_TSC_LiftDrvAccel,Analog,Mco_PM_TSC_LiftDrvAccel,,0
Mco_PM_TSC_LiftDrvDecel,Analog,Mco_PM_TSC_LiftDrvDecel,,0
Mco_PM_TSC_LiftDrvPosUp,Analog,Mco_PM_TSC_LiftDrvPosUp,,44.5
Mco_PM_TSC_LiftDrvPosTSChange,Analog,Mco_PM_TSC_LiftDrvPosTSChange,,25.4
Mco_PM_TSC_LiftDrvPosMage,Analog,Mco_PM_TSC_LiftDrvPosMage,,12.4
Mco_PM_TSC_LiftDrvPosDown,Analog,Mco_PM_TSC_LiftDrvPosDown,,0
Mco_PM_Tr_EvacReadyHighVac_RES,Analog,Mco_PM_Tr_EvacReadyHighVac_RES,,0.050000001
Mco_PM_Tr_EvacReadyHighVac_SET,Analog,Mco_PM_Tr_EvacReadyHighVac_SET,,0.001
Mco_PM_Tr_EvacReadyRoughVac_RES,Analog,Mco_PM_Tr_EvacReadyRoughVac_RES,,0.5
Mco_PM_Tr_EvacReadyRoughVac_SET,Analog,Mco_PM_Tr_EvacReadyRoughVac_SET,,0.01
Mco_PM_Tr_Lk_RES,Analog,Mco_PM_Tr_Lk_RES,,0.050000001
Mco_PM_Tr_Lk_SET,Analog,Mco_PM_Tr_Lk_SET,,0.001
Mco_PM_Tr_MainVent_RES,Analog,Mco_PM_Tr_MainVent_RES,,1050
Mco_PM_Tr_MainVent_SET,Analog,Mco_PM_Tr_MainVent_SET,,120
Mco_PM_Tr_PrevacLineEvac_RES,Analog,Mco_PM_Tr_PrevacLineEvac_RES,,2
Mco_PM_Tr_PrevacLineEvac_SET,Analog,Mco_PM_Tr_PrevacLineEvac_SET,,1
Mco_PM_Tr_Rootspump_RES,Analog,Mco_PM_Tr_Rootspump_RES,,250
Mco_PM_Tr_Rootspump_SET,Analog,Mco_PM_Tr_Rootspump_SET,,120
Mco_PM_Tr_TMPs_phv_RES,Analog,Mco_PM_Tr_TMPs_phv_RES,,2
Mco_PM_Tr_TMPs_phv_SET,Analog,Mco_PM_Tr_TMPs_phv_SET,,1
Mco_PM_Tr_TMPs_pvv_RES,Analog,Mco_PM_Tr_TMPs_pvv_RES,,2
Mco_PM_Tr_TMPs_pvv_SET,Analog,Mco_PM_Tr_TMPs_pvv_SET,,1
Mco_PM_Tr_V31Close_RES,Analog,Mco_PM_Tr_V31Close_RES,,0.050000001
Mco_PM_Tr_V31Close_SET,Analog,Mco_PM_Tr_V31Close_SET,,0.01
Mco_PM_TrigRelRootspumpOffDT,Analog,Mco_PM_TrigRelRootspumpOffDT,,10
Mco_PM_WBM_Cnf,Analog,Mco_PM_WBM_Cnf,,1
Mco_PM_WBM_LocalHost,Message,Mco_PM_WBM_LocalHost,,192.168.1.1
Mco_PM_WBM_LocalPort,Analog,Mco_PM_WBM_LocalPort,,5054
Mco_PM_WBM_RemoteHost,Message,Mco_PM_WBM_RemoteHost,,192.168.1.4
Mco_PM_WBM_RemotePort,Analog,Mco_PM_WBM_RemotePort,,9052
Mco_PM_WFlowFltDT,Analog,Mco_PM_WFlowFltDT,,10
Mco_PM_WFlowNoPulses,Analog,Mco_PM_WFlowNoPulses,,33
Mco_PM_WFlowOffDTFlowOk,Analog,Mco_PM_WFlowOffDTFlowOk,,10
Mco_PM_WFlowTol,Analog,Mco_PM_WFlowTol,,25
Mco_PM_WtrBlowOutAirOutlTime,Analog,Mco_PM_WtrBlowOutAirOutlTime,,0
Mco_PM_WtrBlowOutTime,Analog,Mco_PM_WtrBlowOutTime,,60
Mco_PM_WtrCoolUnit_Cnf,Analog,Mco_PM_WtrCoolUnit_Cnf,,0
MCO_PM_WtrChiller_Cnf,Analog,MCO_PM_WtrChiller_Cnf,,0
Mco_PM_WtrCoolUnitTempMax,Analog,Mco_PM_WtrCoolUnitTempMax,,25
Mco_PM_WtrInletTempMax,Analog,Mco_PM_WtrInletTempMax,,25
Mco_PM_WtrInletTempMin,Analog,Mco_PM_WtrInletTempMin,,15
Mco_PM_WtrTempFltDT,Analog,Mco_PM_WtrTempFltDT,,60
Mco_PM_WtrTmpUnit_Cnf,Analog,Mco_PM_WtrTmpUnit_Cnf,,0
Mco_PM_WtrTmpUnitOnDT,Analog,Mco_PM_WtrTmpUnitOnDT,,60
MCO_PM_PwrMeas_Cnf,Analog,MCO_PM_PwrMeas_Cnf,,0
MCO_PM_PwrMeas_LogMode,Analog,MCO_PM_PwrMeas_LogMode,,0
MCO_PM_PwrMeas_LogSampleTime,Analog,MCO_PM_PwrMeas_LogSampleTime,,1
MCO_PM_PwrMeas_TerminalType,Analog,MCO_PM_PwrMeas_TerminalType,,1
MCO_PM_PwrMeas_VoltTransRatio,Analog,MCO_PM_PwrMeas_VoltTransRatio,,1
MCO_PM_PwrMeas_CurrTransRatio,Analog,MCO_PM_PwrMeas_CurrTransRatio,,40
CO_PM_PwrMeas_TariffKWh,Analog,CO_PM_PwrMeas_TariffKWh,,0.25
MCO_PM_PwrMeas_MPName,Message,MCO_PM_PwrMeas_MPName,,P9999
MCO_PM_PwrMeas_PathName,Message,MCO_PM_PwrMeas_PathName,,F:\PowerMeasurement
MCO_PM_PPEndMode,Analog,MCO_PM_PPEndMode,,1
MCO_SHM_LLM2Cnf,Analog,MCO_SHM_LLM2Cnf,,1
MCO_SHM_LLM3Cnf,Analog,MCO_SHM_LLM3Cnf,,1
MCO_SHM_SECS_GEM_Cnf,Analog,MCO_SHM_SECS_GEM_Cnf,,0
MCO_SHM_SECS_GEM_ToutTimeCon,Analog,MCO_SHM_SECS_GEM_ToutTimeCon,,60
MCO_SHM_SECS_GEM_ToutRejectMag,Analog,MCO_SHM_SECS_GEM_ToutRejectMag,,40
MCO_SHM_CamSysCnf,Analog,MCO_SHM_CamSysCnf,,2
MCO_SHM_LLMsCRCodeRecTime,Analog,MCO_SHM_LLMsCRCodeRecTime,,10
MCO_SHM_LLMsCRCodeType,Analog,MCO_SHM_LLMsCRCodeType,,2
MCO_SHM_LLM1CRCnf,Analog,MCO_SHM_LLM1CRCnf,,1
MCO_SHM_LLM1CRRemHost,Message,MCO_SHM_LLM1CRRemHost,,192.168.1.20
MCO_SHM_LLM1CRRemHostPortData,Analog,MCO_SHM_LLM1CRRemHostPortData,,12112
MCO_SHM_LLM1CRRemHostPortCmd,Analog,MCO_SHM_LLM1CRRemHostPortCmd,,12113
MCO_SHM_LLM2CRCnf,Analog,MCO_SHM_LLM2CRCnf,,1
MCO_SHM_LLM2CRRemHost,Message,MCO_SHM_LLM2CRRemHost,,192.168.1.21
MCO_SHM_LLM2CRRemHostPortData,Analog,MCO_SHM_LLM2CRRemHostPortData,,12114
MCO_SHM_LLM2CRRemHostPortCmd,Analog,MCO_SHM_LLM2CRRemHostPortCmd,,12115
MCO_SHM_LLM3CRCnf,Analog,MCO_SHM_LLM3CRCnf,,1
MCO_SHM_LLM3CRRemHost,Message,MCO_SHM_LLM3CRRemHost,,192.168.1.22
MCO_SHM_LLM3CRRemHostPortData,Analog,MCO_SHM_LLM3CRRemHostPortData,,12116
MCO_SHM_LLM3CRRemHostPortCmd,Analog,MCO_SHM_LLM3CRRemHostPortCmd,,12117
MCO_SHM_TmpShutDownSfyTime,Analog,MCO_SHM_TmpShutDownSfyTime,,80
MCO_SHM_MaxTimeGtVs,Analog,MCO_SHM_MaxTimeGtVs,,5
MCO_SHM_MaxRunUpTimeTmp,Analog,MCO_SHM_MaxRunUpTimeTmp,,600
MCO_SHM_LLMVolume,Analog,MCO_SHM_LLMVolume,,50
MCO_SHM_TMVolume,Analog,MCO_SHM_TMVolume,,100
CO_SHM_MaxLeakRate_Mant,Analog,CO_SHM_MaxLeakRate_Mant,,1
CO_SHM_MaxLeakRate_Exp,Analog,CO_SHM_MaxLeakRate_Exp,,-4
MCO_SHM_LLMsSoftVentMode,Analog,MCO_SHM_LLMsSoftVentMode,,2
MCO_SHM_LLMsSoftVentTime,Analog,MCO_SHM_LLMsSoftVentTime,,30
MCO_SHM_LLMsSoftEvacMode,Analog,MCO_SHM_LLMsSoftEvacMode,,2
MCO_SHM_LLMsSoftEvacTime,Analog,MCO_SHM_LLMsSoftEvacTime,,30
MCO_SHM_LLMsPurgingEvacMode,Analog,MCO_SHM_LLMsPurgingEvacMode,,2
MCO_SHM_LLMsPurgingEvacTime,Analog,MCO_SHM_LLMsPurgingEvacTime,,30
MCO_SHM_LLMsPurgingEvacPress,Analog,MCO_SHM_LLMsPurgingEvacPress,,5.00E-02
MCO_SHM_LLMsPurgingVentTime,Analog,MCO_SHM_LLMsPurgingVentTime,,5
MCO_SHM_LLMsPurgingNoCycles,Analog,MCO_SHM_LLMsPurgingNoCycles,,10
MCO_SHM_LLMsMaxTimeEvac,Analog,MCO_SHM_LLMsMaxTimeEvac,,60
MCO_SHM_LLMsMaxTimeVent,Analog,MCO_SHM_LLMsMaxTimeVent,,60
MCO_SHM_TMMaxTimeEvac,Analog,MCO_SHM_TMMaxTimeEvac,,600
MCO_SHM_TMMaxMaxTimeVent,Analog,MCO_SHM_TMMaxMaxTimeVent,,120
MCO_SHM_LLMsMagDrvsVeloJOG,Analog,MCO_SHM_LLMsMagDrvsVeloJOG,,2
MCO_SHM_LLMsMagDrvsVeloPos,Analog,MCO_SHM_LLMsMagDrvsVeloPos,,36.36
MCO_SHM_LLMsMagDrvsPosTol,Analog,MCO_SHM_LLMsMagDrvsPosTol,,0.1
MCO_SHM_LLMsMagDrvsAccel,Analog,MCO_SHM_LLMsMagDrvsAccel,,0
MCO_SHM_LLMsMagDrvsDecel,Analog,MCO_SHM_LLMsMagDrvsDecel,,0
MCO_SHM_LLMsMagDrvMagPosUp,Analog,MCO_SHM_LLMsMagDrvMagPosUp,,270
MCO_SHM_LLMsMagDrvMagPosDown,Analog,MCO_SHM_LLMsMagDrvMagPosDown,,0
MCO_SHM_LLMsMagDrvMagPosChange,Analog,MCO_SHM_LLMsMagDrvMagPosChange,,190
MCO_SHM_LLMsMagDrvMagPosVac,Analog,MCO_SHM_LLMsMagDrvMagPosVac,,60
MCO_SHM_LLMsMagType1_NoSlts,Analog,MCO_SHM_LLMsMagType1_NoSlts,,0
MCO_SHM_LLMsMagType1_MapDist,Analog,MCO_SHM_LLMsMagType1_MapDist,,5
MCO_SHM_LLMsMagType1_MapSubstNo,Analog,MCO_SHM_LLMsMagType1_MapSubstNo,,0
MCO_SHM_LLMsMagType1_PosOffsUp,Analog,MCO_SHM_LLMsMagType1_PosOffsUp,,0
MCO_SHM_LLMsMagType1_PosDown1,Analog,MCO_SHM_LLMsMagType1_PosDown1,,0
MCO_SHM_LLMsMagType1_PosDown2,Analog,MCO_SHM_LLMsMagType1_PosDown2,,0
MCO_SHM_LLMsMagType1_PosDown3,Analog,MCO_SHM_LLMsMagType1_PosDown3,,0
MCO_SHM_LLMsMagType1_PosDown4,Analog,MCO_SHM_LLMsMagType1_PosDown4,,0
MCO_SHM_LLMsMagType1_PosDown5,Analog,MCO_SHM_LLMsMagType1_PosDown5,,0
MCO_SHM_LLMsMagType1_PosDown6,Analog,MCO_SHM_LLMsMagType1_PosDown6,,0
MCO_SHM_LLMsMagType1_PosDown7,Analog,MCO_SHM_LLMsMagType1_PosDown7,,0
MCO_SHM_LLMsMagType1_PosDown8,Analog,MCO_SHM_LLMsMagType1_PosDown8,,0
MCO_SHM_LLMsMagType1_PosDown9,Analog,MCO_SHM_LLMsMagType1_PosDown9,,0
MCO_SHM_LLMsMagType1_PosDown10,Analog,MCO_SHM_LLMsMagType1_PosDown10,,0
MCO_SHM_LLMsMagType1_PosDown11,Analog,MCO_SHM_LLMsMagType1_PosDown11,,0
MCO_SHM_LLMsMagType1_PosDown12,Analog,MCO_SHM_LLMsMagType1_PosDown12,,0
MCO_SHM_LLMsMagType1_PosDown13,Analog,MCO_SHM_LLMsMagType1_PosDown13,,0
MCO_SHM_LLMsMagType1_PosDown14,Analog,MCO_SHM_LLMsMagType1_PosDown14,,0
MCO_SHM_LLMsMagType1_PosDown15,Analog,MCO_SHM_LLMsMagType1_PosDown15,,0
MCO_SHM_LLMsMagType1_PosDown16,Analog,MCO_SHM_LLMsMagType1_PosDown16,,0
MCO_SHM_LLMsMagType1_PosDown17,Analog,MCO_SHM_LLMsMagType1_PosDown17,,0
MCO_SHM_LLMsMagType1_PosDown18,Analog,MCO_SHM_LLMsMagType1_PosDown18,,0
MCO_SHM_LLMsMagType1_PosDown19,Analog,MCO_SHM_LLMsMagType1_PosDown19,,0
MCO_SHM_LLMsMagType1_PosDown20,Analog,MCO_SHM_LLMsMagType1_PosDown20,,0
MCO_SHM_LLMsMagType1_PosDown21,Analog,MCO_SHM_LLMsMagType1_PosDown21,,0
MCO_SHM_LLMsMagType1_PosDown22,Analog,MCO_SHM_LLMsMagType1_PosDown22,,0
MCO_SHM_LLMsMagType1_PosDown23,Analog,MCO_SHM_LLMsMagType1_PosDown23,,0
MCO_SHM_LLMsMagType1_PosDown24,Analog,MCO_SHM_LLMsMagType1_PosDown24,,0
MCO_SHM_LLMsMagType1_PosDown25,Analog,MCO_SHM_LLMsMagType1_PosDown25,,0
MCO_SHM_LLMsMagType2_NoSlts,Analog,MCO_SHM_LLMsMagType2_NoSlts,,0
MCO_SHM_LLMsMagType2_MapDist,Analog,MCO_SHM_LLMsMagType2_MapDist,,5
MCO_SHM_LLMsMagType2_MapSubstNo,Analog,MCO_SHM_LLMsMagType2_MapSubstNo,,0
MCO_SHM_LLMsMagType2_PosOffsUp,Analog,MCO_SHM_LLMsMagType2_PosOffsUp,,0
MCO_SHM_LLMsMagType2_PosDown1,Analog,MCO_SHM_LLMsMagType2_PosDown1,,0
MCO_SHM_LLMsMagType2_PosDown2,Analog,MCO_SHM_LLMsMagType2_PosDown2,,0
MCO_SHM_LLMsMagType2_PosDown3,Analog,MCO_SHM_LLMsMagType2_PosDown3,,0
MCO_SHM_LLMsMagType2_PosDown4,Analog,MCO_SHM_LLMsMagType2_PosDown4,,0
MCO_SHM_LLMsMagType2_PosDown5,Analog,MCO_SHM_LLMsMagType2_PosDown5,,0
MCO_SHM_LLMsMagType2_PosDown6,Analog,MCO_SHM_LLMsMagType2_PosDown6,,0
MCO_SHM_LLMsMagType2_PosDown7,Analog,MCO_SHM_LLMsMagType2_PosDown7,,0
MCO_SHM_LLMsMagType2_PosDown8,Analog,MCO_SHM_LLMsMagType2_PosDown8,,0
MCO_SHM_LLMsMagType2_PosDown9,Analog,MCO_SHM_LLMsMagType2_PosDown9,,0
MCO_SHM_LLMsMagType2_PosDown10,Analog,MCO_SHM_LLMsMagType2_PosDown10,,0
MCO_SHM_LLMsMagType2_PosDown11,Analog,MCO_SHM_LLMsMagType2_PosDown11,,0
MCO_SHM_LLMsMagType2_PosDown12,Analog,MCO_SHM_LLMsMagType2_PosDown12,,0
MCO_SHM_LLMsMagType2_PosDown13,Analog,MCO_SHM_LLMsMagType2_PosDown13,,0
MCO_SHM_LLMsMagType2_PosDown14,Analog,MCO_SHM_LLMsMagType2_PosDown14,,0
MCO_SHM_LLMsMagType2_PosDown15,Analog,MCO_SHM_LLMsMagType2_PosDown15,,0
MCO_SHM_LLMsMagType2_PosDown16,Analog,MCO_SHM_LLMsMagType2_PosDown16,,0
MCO_SHM_LLMsMagType2_PosDown17,Analog,MCO_SHM_LLMsMagType2_PosDown17,,0
MCO_SHM_LLMsMagType2_PosDown18,Analog,MCO_SHM_LLMsMagType2_PosDown18,,0
MCO_SHM_LLMsMagType2_PosDown19,Analog,MCO_SHM_LLMsMagType2_PosDown19,,0
MCO_SHM_LLMsMagType2_PosDown20,Analog,MCO_SHM_LLMsMagType2_PosDown20,,0
MCO_SHM_LLMsMagType2_PosDown21,Analog,MCO_SHM_LLMsMagType2_PosDown21,,0
MCO_SHM_LLMsMagType2_PosDown22,Analog,MCO_SHM_LLMsMagType2_PosDown22,,0
MCO_SHM_LLMsMagType2_PosDown23,Analog,MCO_SHM_LLMsMagType2_PosDown23,,0
MCO_SHM_LLMsMagType2_PosDown24,Analog,MCO_SHM_LLMsMagType2_PosDown24,,0
MCO_SHM_LLMsMagType2_PosDown25,Analog,MCO_SHM_LLMsMagType2_PosDown25,,0
MCO_SHM_LLMsMagType3_NoSlts,Analog,MCO_SHM_LLMsMagType3_NoSlts,,0
MCO_SHM_LLMsMagType3_MapDist,Analog,MCO_SHM_LLMsMagType3_MapDist,,5
MCO_SHM_LLMsMagType3_MapSubstNo,Analog,MCO_SHM_LLMsMagType3_MapSubstNo,,0
MCO_SHM_LLMsMagType3_PosOffsUp,Analog,MCO_SHM_LLMsMagType3_PosOffsUp,,0
MCO_SHM_LLMsMagType3_PosDown1,Analog,MCO_SHM_LLMsMagType3_PosDown1,,0
MCO_SHM_LLMsMagType3_PosDown2,Analog,MCO_SHM_LLMsMagType3_PosDown2,,0
MCO_SHM_LLMsMagType3_PosDown3,Analog,MCO_SHM_LLMsMagType3_PosDown3,,0
MCO_SHM_LLMsMagType3_PosDown4,Analog,MCO_SHM_LLMsMagType3_PosDown4,,0
MCO_SHM_LLMsMagType3_PosDown5,Analog,MCO_SHM_LLMsMagType3_PosDown5,,0
MCO_SHM_LLMsMagType3_PosDown6,Analog,MCO_SHM_LLMsMagType3_PosDown6,,0
MCO_SHM_LLMsMagType3_PosDown7,Analog,MCO_SHM_LLMsMagType3_PosDown7,,0
MCO_SHM_LLMsMagType3_PosDown8,Analog,MCO_SHM_LLMsMagType3_PosDown8,,0
MCO_SHM_LLMsMagType3_PosDown9,Analog,MCO_SHM_LLMsMagType3_PosDown9,,0
MCO_SHM_LLMsMagType3_PosDown10,Analog,MCO_SHM_LLMsMagType3_PosDown10,,0
MCO_SHM_LLMsMagType3_PosDown11,Analog,MCO_SHM_LLMsMagType3_PosDown11,,0
MCO_SHM_LLMsMagType3_PosDown12,Analog,MCO_SHM_LLMsMagType3_PosDown12,,0
MCO_SHM_LLMsMagType3_PosDown13,Analog,MCO_SHM_LLMsMagType3_PosDown13,,0
MCO_SHM_LLMsMagType3_PosDown14,Analog,MCO_SHM_LLMsMagType3_PosDown14,,0
MCO_SHM_LLMsMagType3_PosDown15,Analog,MCO_SHM_LLMsMagType3_PosDown15,,0
MCO_SHM_LLMsMagType3_PosDown16,Analog,MCO_SHM_LLMsMagType3_PosDown16,,0
MCO_SHM_LLMsMagType3_PosDown17,Analog,MCO_SHM_LLMsMagType3_PosDown17,,0
MCO_SHM_LLMsMagType3_PosDown18,Analog,MCO_SHM_LLMsMagType3_PosDown18,,0
MCO_SHM_LLMsMagType3_PosDown19,Analog,MCO_SHM_LLMsMagType3_PosDown19,,0
MCO_SHM_LLMsMagType3_PosDown20,Analog,MCO_SHM_LLMsMagType3_PosDown20,,0
MCO_SHM_LLMsMagType3_PosDown21,Analog,MCO_SHM_LLMsMagType3_PosDown21,,0
MCO_SHM_LLMsMagType3_PosDown22,Analog,MCO_SHM_LLMsMagType3_PosDown22,,0
MCO_SHM_LLMsMagType3_PosDown23,Analog,MCO_SHM_LLMsMagType3_PosDown23,,0
MCO_SHM_LLMsMagType3_PosDown24,Analog,MCO_SHM_LLMsMagType3_PosDown24,,0
MCO_SHM_LLMsMagType3_PosDown25,Analog,MCO_SHM_LLMsMagType3_PosDown25,,0
MCO_SHM_LLMsMagType4_NoSlts,Analog,MCO_SHM_LLMsMagType4_NoSlts,,0
MCO_SHM_LLMsMagType4_MapDist,Analog,MCO_SHM_LLMsMagType4_MapDist,,5
MCO_SHM_LLMsMagType4_MapSubstNo,Analog,MCO_SHM_LLMsMagType4_MapSubstNo,,0
MCO_SHM_LLMsMagType4_PosOffsUp,Analog,MCO_SHM_LLMsMagType4_PosOffsUp,,0
MCO_SHM_LLMsMagType4_PosDown1,Analog,MCO_SHM_LLMsMagType4_PosDown1,,0
MCO_SHM_LLMsMagType4_PosDown2,Analog,MCO_SHM_LLMsMagType4_PosDown2,,0
MCO_SHM_LLMsMagType4_PosDown3,Analog,MCO_SHM_LLMsMagType4_PosDown3,,0
MCO_SHM_LLMsMagType4_PosDown4,Analog,MCO_SHM_LLMsMagType4_PosDown4,,0
MCO_SHM_LLMsMagType4_PosDown5,Analog,MCO_SHM_LLMsMagType4_PosDown5,,0
MCO_SHM_LLMsMagType4_PosDown6,Analog,MCO_SHM_LLMsMagType4_PosDown6,,0
MCO_SHM_LLMsMagType4_PosDown7,Analog,MCO_SHM_LLMsMagType4_PosDown7,,0
MCO_SHM_LLMsMagType4_PosDown8,Analog,MCO_SHM_LLMsMagType4_PosDown8,,0
MCO_SHM_LLMsMagType4_PosDown9,Analog,MCO_SHM_LLMsMagType4_PosDown9,,0
MCO_SHM_LLMsMagType4_PosDown10,Analog,MCO_SHM_LLMsMagType4_PosDown10,,0
MCO_SHM_LLMsMagType4_PosDown11,Analog,MCO_SHM_LLMsMagType4_PosDown11,,0
MCO_SHM_LLMsMagType4_PosDown12,Analog,MCO_SHM_LLMsMagType4_PosDown12,,0
MCO_SHM_LLMsMagType4_PosDown13,Analog,MCO_SHM_LLMsMagType4_PosDown13,,0
MCO_SHM_LLMsMagType4_PosDown14,Analog,MCO_SHM_LLMsMagType4_PosDown14,,0
MCO_SHM_LLMsMagType4_PosDown15,Analog,MCO_SHM_LLMsMagType4_PosDown15,,0
MCO_SHM_LLMsMagType4_PosDown16,Analog,MCO_SHM_LLMsMagType4_PosDown16,,0
MCO_SHM_LLMsMagType4_PosDown17,Analog,MCO_SHM_LLMsMagType4_PosDown17,,0
MCO_SHM_LLMsMagType4_PosDown18,Analog,MCO_SHM_LLMsMagType4_PosDown18,,0
MCO_SHM_LLMsMagType4_PosDown19,Analog,MCO_SHM_LLMsMagType4_PosDown19,,0
MCO_SHM_LLMsMagType4_PosDown20,Analog,MCO_SHM_LLMsMagType4_PosDown20,,0
MCO_SHM_LLMsMagType4_PosDown21,Analog,MCO_SHM_LLMsMagType4_PosDown21,,0
MCO_SHM_LLMsMagType4_PosDown22,Analog,MCO_SHM_LLMsMagType4_PosDown22,,0
MCO_SHM_LLMsMagType4_PosDown23,Analog,MCO_SHM_LLMsMagType4_PosDown23,,0
MCO_SHM_LLMsMagType4_PosDown24,Analog,MCO_SHM_LLMsMagType4_PosDown24,,0
MCO_SHM_LLMsMagType4_PosDown25,Analog,MCO_SHM_LLMsMagType4_PosDown25,,0
MCO_SHM_LLMsMagType5_NoSlts,Analog,MCO_SHM_LLMsMagType5_NoSlts,,0
MCO_SHM_LLMsMagType5_MapDist,Analog,MCO_SHM_LLMsMagType5_MapDist,,5
MCO_SHM_LLMsMagType5_MapSubstNo,Analog,MCO_SHM_LLMsMagType5_MapSubstNo,,0
MCO_SHM_LLMsMagType5_PosOffsUp,Analog,MCO_SHM_LLMsMagType5_PosOffsUp,,0
MCO_SHM_LLMsMagType5_PosDown1,Analog,MCO_SHM_LLMsMagType5_PosDown1,,0
MCO_SHM_LLMsMagType5_PosDown2,Analog,MCO_SHM_LLMsMagType5_PosDown2,,0
MCO_SHM_LLMsMagType5_PosDown3,Analog,MCO_SHM_LLMsMagType5_PosDown3,,0
MCO_SHM_LLMsMagType5_PosDown4,Analog,MCO_SHM_LLMsMagType5_PosDown4,,0
MCO_SHM_LLMsMagType5_PosDown5,Analog,MCO_SHM_LLMsMagType5_PosDown5,,0
MCO_SHM_LLMsMagType5_PosDown6,Analog,MCO_SHM_LLMsMagType5_PosDown6,,0
MCO_SHM_LLMsMagType5_PosDown7,Analog,MCO_SHM_LLMsMagType5_PosDown7,,0
MCO_SHM_LLMsMagType5_PosDown8,Analog,MCO_SHM_LLMsMagType5_PosDown8,,0
MCO_SHM_LLMsMagType5_PosDown9,Analog,MCO_SHM_LLMsMagType5_PosDown9,,0
MCO_SHM_LLMsMagType5_PosDown10,Analog,MCO_SHM_LLMsMagType5_PosDown10,,0
MCO_SHM_LLMsMagType5_PosDown11,Analog,MCO_SHM_LLMsMagType5_PosDown11,,0
MCO_SHM_LLMsMagType5_PosDown12,Analog,MCO_SHM_LLMsMagType5_PosDown12,,0
MCO_SHM_LLMsMagType5_PosDown13,Analog,MCO_SHM_LLMsMagType5_PosDown13,,0
MCO_SHM_LLMsMagType5_PosDown14,Analog,MCO_SHM_LLMsMagType5_PosDown14,,0
MCO_SHM_LLMsMagType5_PosDown15,Analog,MCO_SHM_LLMsMagType5_PosDown15,,0
MCO_SHM_LLMsMagType5_PosDown16,Analog,MCO_SHM_LLMsMagType5_PosDown16,,0
MCO_SHM_LLMsMagType5_PosDown17,Analog,MCO_SHM_LLMsMagType5_PosDown17,,0
MCO_SHM_LLMsMagType5_PosDown18,Analog,MCO_SHM_LLMsMagType5_PosDown18,,0
MCO_SHM_LLMsMagType5_PosDown19,Analog,MCO_SHM_LLMsMagType5_PosDown19,,0
MCO_SHM_LLMsMagType5_PosDown20,Analog,MCO_SHM_LLMsMagType5_PosDown20,,0
MCO_SHM_LLMsMagType5_PosDown21,Analog,MCO_SHM_LLMsMagType5_PosDown21,,0
MCO_SHM_LLMsMagType5_PosDown22,Analog,MCO_SHM_LLMsMagType5_PosDown22,,0
MCO_SHM_LLMsMagType5_PosDown23,Analog,MCO_SHM_LLMsMagType5_PosDown23,,0
MCO_SHM_LLMsMagType5_PosDown24,Analog,MCO_SHM_LLMsMagType5_PosDown24,,0
MCO_SHM_LLMsMagType5_PosDown25,Analog,MCO_SHM_LLMsMagType5_PosDown25,,0
MCO_SHM_LLMsMagType6_NoSlts,Analog,MCO_SHM_LLMsMagType6_NoSlts,,0
MCO_SHM_LLMsMagType6_MapDist,Analog,MCO_SHM_LLMsMagType6_MapDist,,5
MCO_SHM_LLMsMagType6_MapSubstNo,Analog,MCO_SHM_LLMsMagType6_MapSubstNo,,0
MCO_SHM_LLMsMagType6_PosOffsUp,Analog,MCO_SHM_LLMsMagType6_PosOffsUp,,0
MCO_SHM_LLMsMagType6_PosDown1,Analog,MCO_SHM_LLMsMagType6_PosDown1,,0
MCO_SHM_LLMsMagType6_PosDown2,Analog,MCO_SHM_LLMsMagType6_PosDown2,,0
MCO_SHM_LLMsMagType6_PosDown3,Analog,MCO_SHM_LLMsMagType6_PosDown3,,0
MCO_SHM_LLMsMagType6_PosDown4,Analog,MCO_SHM_LLMsMagType6_PosDown4,,0
MCO_SHM_LLMsMagType6_PosDown5,Analog,MCO_SHM_LLMsMagType6_PosDown5,,0
MCO_SHM_LLMsMagType6_PosDown6,Analog,MCO_SHM_LLMsMagType6_PosDown6,,0
MCO_SHM_LLMsMagType6_PosDown7,Analog,MCO_SHM_LLMsMagType6_PosDown7,,0
MCO_SHM_LLMsMagType6_PosDown8,Analog,MCO_SHM_LLMsMagType6_PosDown8,,0
MCO_SHM_LLMsMagType6_PosDown9,Analog,MCO_SHM_LLMsMagType6_PosDown9,,0
MCO_SHM_LLMsMagType6_PosDown10,Analog,MCO_SHM_LLMsMagType6_PosDown10,,0
MCO_SHM_LLMsMagType6_PosDown11,Analog,MCO_SHM_LLMsMagType6_PosDown11,,0
MCO_SHM_LLMsMagType6_PosDown12,Analog,MCO_SHM_LLMsMagType6_PosDown12,,0
MCO_SHM_LLMsMagType6_PosDown13,Analog,MCO_SHM_LLMsMagType6_PosDown13,,0
MCO_SHM_LLMsMagType6_PosDown14,Analog,MCO_SHM_LLMsMagType6_PosDown14,,0
MCO_SHM_LLMsMagType6_PosDown15,Analog,MCO_SHM_LLMsMagType6_PosDown15,,0
MCO_SHM_LLMsMagType6_PosDown16,Analog,MCO_SHM_LLMsMagType6_PosDown16,,0
MCO_SHM_LLMsMagType6_PosDown17,Analog,MCO_SHM_LLMsMagType6_PosDown17,,0
MCO_SHM_LLMsMagType6_PosDown18,Analog,MCO_SHM_LLMsMagType6_PosDown18,,0
MCO_SHM_LLMsMagType6_PosDown19,Analog,MCO_SHM_LLMsMagType6_PosDown19,,0
MCO_SHM_LLMsMagType6_PosDown20,Analog,MCO_SHM_LLMsMagType6_PosDown20,,0
MCO_SHM_LLMsMagType6_PosDown21,Analog,MCO_SHM_LLMsMagType6_PosDown21,,0
MCO_SHM_LLMsMagType6_PosDown22,Analog,MCO_SHM_LLMsMagType6_PosDown22,,0
MCO_SHM_LLMsMagType6_PosDown23,Analog,MCO_SHM_LLMsMagType6_PosDown23,,0
MCO_SHM_LLMsMagType6_PosDown24,Analog,MCO_SHM_LLMsMagType6_PosDown24,,0
MCO_SHM_LLMsMagType6_PosDown25,Analog,MCO_SHM_LLMsMagType6_PosDown25,,0
MCO_SHM_LLMsMagType7_NoSlts,Analog,MCO_SHM_LLMsMagType7_NoSlts,,0
MCO_SHM_LLMsMagType7_MapDist,Analog,MCO_SHM_LLMsMagType7_MapDist,,5
MCO_SHM_LLMsMagType7_MapSubstNo,Analog,MCO_SHM_LLMsMagType7_MapSubstNo,,0
MCO_SHM_LLMsMagType7_PosOffsUp,Analog,MCO_SHM_LLMsMagType7_PosOffsUp,,0
MCO_SHM_LLMsMagType7_PosDown1,Analog,MCO_SHM_LLMsMagType7_PosDown1,,0
MCO_SHM_LLMsMagType7_PosDown2,Analog,MCO_SHM_LLMsMagType7_PosDown2,,0
MCO_SHM_LLMsMagType7_PosDown3,Analog,MCO_SHM_LLMsMagType7_PosDown3,,0
MCO_SHM_LLMsMagType7_PosDown4,Analog,MCO_SHM_LLMsMagType7_PosDown4,,0
MCO_SHM_LLMsMagType7_PosDown5,Analog,MCO_SHM_LLMsMagType7_PosDown5,,0
MCO_SHM_LLMsMagType7_PosDown6,Analog,MCO_SHM_LLMsMagType7_PosDown6,,0
MCO_SHM_LLMsMagType7_PosDown7,Analog,MCO_SHM_LLMsMagType7_PosDown7,,0
MCO_SHM_LLMsMagType7_PosDown8,Analog,MCO_SHM_LLMsMagType7_PosDown8,,0
MCO_SHM_LLMsMagType7_PosDown9,Analog,MCO_SHM_LLMsMagType7_PosDown9,,0
MCO_SHM_LLMsMagType7_PosDown10,Analog,MCO_SHM_LLMsMagType7_PosDown10,,0
MCO_SHM_LLMsMagType7_PosDown11,Analog,MCO_SHM_LLMsMagType7_PosDown11,,0
MCO_SHM_LLMsMagType7_PosDown12,Analog,MCO_SHM_LLMsMagType7_PosDown12,,0
MCO_SHM_LLMsMagType7_PosDown13,Analog,MCO_SHM_LLMsMagType7_PosDown13,,0
MCO_SHM_LLMsMagType7_PosDown14,Analog,MCO_SHM_LLMsMagType7_PosDown14,,0
MCO_SHM_LLMsMagType7_PosDown15,Analog,MCO_SHM_LLMsMagType7_PosDown15,,0
MCO_SHM_LLMsMagType7_PosDown16,Analog,MCO_SHM_LLMsMagType7_PosDown16,,0
MCO_SHM_LLMsMagType7_PosDown17,Analog,MCO_SHM_LLMsMagType7_PosDown17,,0
MCO_SHM_LLMsMagType7_PosDown18,Analog,MCO_SHM_LLMsMagType7_PosDown18,,0
MCO_SHM_LLMsMagType7_PosDown19,Analog,MCO_SHM_LLMsMagType7_PosDown19,,0
MCO_SHM_LLMsMagType7_PosDown20,Analog,MCO_SHM_LLMsMagType7_PosDown20,,0
MCO_SHM_LLMsMagType7_PosDown21,Analog,MCO_SHM_LLMsMagType7_PosDown21,,0
MCO_SHM_LLMsMagType7_PosDown22,Analog,MCO_SHM_LLMsMagType7_PosDown22,,0
MCO_SHM_LLMsMagType7_PosDown23,Analog,MCO_SHM_LLMsMagType7_PosDown23,,0
MCO_SHM_LLMsMagType7_PosDown24,Analog,MCO_SHM_LLMsMagType7_PosDown24,,0
MCO_SHM_LLMsMagType7_PosDown25,Analog,MCO_SHM_LLMsMagType7_PosDown25,,0
MCO_SHM_LLMsMagType8_NoSlts,Analog,MCO_SHM_LLMsMagType8_NoSlts,,0
MCO_SHM_LLMsMagType8_MapDist,Analog,MCO_SHM_LLMsMagType8_MapDist,,5
MCO_SHM_LLMsMagType8_MapSubstNo,Analog,MCO_SHM_LLMsMagType8_MapSubstNo,,0
MCO_SHM_LLMsMagType8_PosOffsUp,Analog,MCO_SHM_LLMsMagType8_PosOffsUp,,0
MCO_SHM_LLMsMagType8_PosDown1,Analog,MCO_SHM_LLMsMagType8_PosDown1,,0
MCO_SHM_LLMsMagType8_PosDown2,Analog,MCO_SHM_LLMsMagType8_PosDown2,,0
MCO_SHM_LLMsMagType8_PosDown3,Analog,MCO_SHM_LLMsMagType8_PosDown3,,0
MCO_SHM_LLMsMagType8_PosDown4,Analog,MCO_SHM_LLMsMagType8_PosDown4,,0
MCO_SHM_LLMsMagType8_PosDown5,Analog,MCO_SHM_LLMsMagType8_PosDown5,,0
MCO_SHM_LLMsMagType8_PosDown6,Analog,MCO_SHM_LLMsMagType8_PosDown6,,0
MCO_SHM_LLMsMagType8_PosDown7,Analog,MCO_SHM_LLMsMagType8_PosDown7,,0
MCO_SHM_LLMsMagType8_PosDown8,Analog,MCO_SHM_LLMsMagType8_PosDown8,,0
MCO_SHM_LLMsMagType8_PosDown9,Analog,MCO_SHM_LLMsMagType8_PosDown9,,0
MCO_SHM_LLMsMagType8_PosDown10,Analog,MCO_SHM_LLMsMagType8_PosDown10,,0
MCO_SHM_LLMsMagType8_PosDown11,Analog,MCO_SHM_LLMsMagType8_PosDown11,,0
MCO_SHM_LLMsMagType8_PosDown12,Analog,MCO_SHM_LLMsMagType8_PosDown12,,0
MCO_SHM_LLMsMagType8_PosDown13,Analog,MCO_SHM_LLMsMagType8_PosDown13,,0
MCO_SHM_LLMsMagType8_PosDown14,Analog,MCO_SHM_LLMsMagType8_PosDown14,,0
MCO_SHM_LLMsMagType8_PosDown15,Analog,MCO_SHM_LLMsMagType8_PosDown15,,0
MCO_SHM_LLMsMagType8_PosDown16,Analog,MCO_SHM_LLMsMagType8_PosDown16,,0
MCO_SHM_LLMsMagType8_PosDown17,Analog,MCO_SHM_LLMsMagType8_PosDown17,,0
MCO_SHM_LLMsMagType8_PosDown18,Analog,MCO_SHM_LLMsMagType8_PosDown18,,0
MCO_SHM_LLMsMagType8_PosDown19,Analog,MCO_SHM_LLMsMagType8_PosDown19,,0
MCO_SHM_LLMsMagType8_PosDown20,Analog,MCO_SHM_LLMsMagType8_PosDown20,,0
MCO_SHM_LLMsMagType8_PosDown21,Analog,MCO_SHM_LLMsMagType8_PosDown21,,0
MCO_SHM_LLMsMagType8_PosDown22,Analog,MCO_SHM_LLMsMagType8_PosDown22,,0
MCO_SHM_LLMsMagType8_PosDown23,Analog,MCO_SHM_LLMsMagType8_PosDown23,,0
MCO_SHM_LLMsMagType8_PosDown24,Analog,MCO_SHM_LLMsMagType8_PosDown24,,0
MCO_SHM_LLMsMagType8_PosDown25,Analog,MCO_SHM_LLMsMagType8_PosDown25,,0
MCO_SHM_LLMsMagType9_NoSlts,Analog,MCO_SHM_LLMsMagType9_NoSlts,,0
MCO_SHM_LLMsMagType9_MapDist,Analog,MCO_SHM_LLMsMagType9_MapDist,,5
MCO_SHM_LLMsMagType9_MapSubstNo,Analog,MCO_SHM_LLMsMagType9_MapSubstNo,,0
MCO_SHM_LLMsMagType9_PosOffsUp,Analog,MCO_SHM_LLMsMagType9_PosOffsUp,,0
MCO_SHM_LLMsMagType9_PosDown1,Analog,MCO_SHM_LLMsMagType9_PosDown1,,0
MCO_SHM_LLMsMagType9_PosDown2,Analog,MCO_SHM_LLMsMagType9_PosDown2,,0
MCO_SHM_LLMsMagType9_PosDown3,Analog,MCO_SHM_LLMsMagType9_PosDown3,,0
MCO_SHM_LLMsMagType9_PosDown4,Analog,MCO_SHM_LLMsMagType9_PosDown4,,0
MCO_SHM_LLMsMagType9_PosDown5,Analog,MCO_SHM_LLMsMagType9_PosDown5,,0
MCO_SHM_LLMsMagType9_PosDown6,Analog,MCO_SHM_LLMsMagType9_PosDown6,,0
MCO_SHM_LLMsMagType9_PosDown7,Analog,MCO_SHM_LLMsMagType9_PosDown7,,0
MCO_SHM_LLMsMagType9_PosDown8,Analog,MCO_SHM_LLMsMagType9_PosDown8,,0
MCO_SHM_LLMsMagType9_PosDown9,Analog,MCO_SHM_LLMsMagType9_PosDown9,,0
MCO_SHM_LLMsMagType9_PosDown10,Analog,MCO_SHM_LLMsMagType9_PosDown10,,0
MCO_SHM_LLMsMagType9_PosDown11,Analog,MCO_SHM_LLMsMagType9_PosDown11,,0
MCO_SHM_LLMsMagType9_PosDown12,Analog,MCO_SHM_LLMsMagType9_PosDown12,,0
MCO_SHM_LLMsMagType9_PosDown13,Analog,MCO_SHM_LLMsMagType9_PosDown13,,0
MCO_SHM_LLMsMagType9_PosDown14,Analog,MCO_SHM_LLMsMagType9_PosDown14,,0
MCO_SHM_LLMsMagType9_PosDown15,Analog,MCO_SHM_LLMsMagType9_PosDown15,,0
MCO_SHM_LLMsMagType9_PosDown16,Analog,MCO_SHM_LLMsMagType9_PosDown16,,0
MCO_SHM_LLMsMagType9_PosDown17,Analog,MCO_SHM_LLMsMagType9_PosDown17,,0
MCO_SHM_LLMsMagType9_PosDown18,Analog,MCO_SHM_LLMsMagType9_PosDown18,,0
MCO_SHM_LLMsMagType9_PosDown19,Analog,MCO_SHM_LLMsMagType9_PosDown19,,0
MCO_SHM_LLMsMagType9_PosDown20,Analog,MCO_SHM_LLMsMagType9_PosDown20,,0
MCO_SHM_LLMsMagType9_PosDown21,Analog,MCO_SHM_LLMsMagType9_PosDown21,,0
MCO_SHM_LLMsMagType9_PosDown22,Analog,MCO_SHM_LLMsMagType9_PosDown22,,0
MCO_SHM_LLMsMagType9_PosDown23,Analog,MCO_SHM_LLMsMagType9_PosDown23,,0
MCO_SHM_LLMsMagType9_PosDown24,Analog,MCO_SHM_LLMsMagType9_PosDown24,,0
MCO_SHM_LLMsMagType9_PosDown25,Analog,MCO_SHM_LLMsMagType9_PosDown25,,0
MCO_SHM_LLMsMagType10_NoSlts,Analog,MCO_SHM_LLMsMagType10_NoSlts,,0
MCO_SHM_LLMsMagType10_MapDist,Analog,MCO_SHM_LLMsMagType10_MapDist,,5
MCO_SHM_LLMsMagType10_MapSubstNo,Analog,MCO_SHM_LLMsMagType10_MapSubstNo,,0
MCO_SHM_LLMsMagType10_PosOffsUp,Analog,MCO_SHM_LLMsMagType10_PosOffsUp,,0
MCO_SHM_LLMsMagType10_PosDown1,Analog,MCO_SHM_LLMsMagType10_PosDown1,,0
MCO_SHM_LLMsMagType10_PosDown2,Analog,MCO_SHM_LLMsMagType10_PosDown2,,0
MCO_SHM_LLMsMagType10_PosDown3,Analog,MCO_SHM_LLMsMagType10_PosDown3,,0
MCO_SHM_LLMsMagType10_PosDown4,Analog,MCO_SHM_LLMsMagType10_PosDown4,,0
MCO_SHM_LLMsMagType10_PosDown5,Analog,MCO_SHM_LLMsMagType10_PosDown5,,0
MCO_SHM_LLMsMagType10_PosDown6,Analog,MCO_SHM_LLMsMagType10_PosDown6,,0
MCO_SHM_LLMsMagType10_PosDown7,Analog,MCO_SHM_LLMsMagType10_PosDown7,,0
MCO_SHM_LLMsMagType10_PosDown8,Analog,MCO_SHM_LLMsMagType10_PosDown8,,0
MCO_SHM_LLMsMagType10_PosDown9,Analog,MCO_SHM_LLMsMagType10_PosDown9,,0
MCO_SHM_LLMsMagType10_PosDown10,Analog,MCO_SHM_LLMsMagType10_PosDown10,,0
MCO_SHM_LLMsMagType10_PosDown11,Analog,MCO_SHM_LLMsMagType10_PosDown11,,0
MCO_SHM_LLMsMagType10_PosDown12,Analog,MCO_SHM_LLMsMagType10_PosDown12,,0
MCO_SHM_LLMsMagType10_PosDown13,Analog,MCO_SHM_LLMsMagType10_PosDown13,,0
MCO_SHM_LLMsMagType10_PosDown14,Analog,MCO_SHM_LLMsMagType10_PosDown14,,0
MCO_SHM_LLMsMagType10_PosDown15,Analog,MCO_SHM_LLMsMagType10_PosDown15,,0
MCO_SHM_LLMsMagType10_PosDown16,Analog,MCO_SHM_LLMsMagType10_PosDown16,,0
MCO_SHM_LLMsMagType10_PosDown17,Analog,MCO_SHM_LLMsMagType10_PosDown17,,0
MCO_SHM_LLMsMagType10_PosDown18,Analog,MCO_SHM_LLMsMagType10_PosDown18,,0
MCO_SHM_LLMsMagType10_PosDown19,Analog,MCO_SHM_LLMsMagType10_PosDown19,,0
MCO_SHM_LLMsMagType10_PosDown20,Analog,MCO_SHM_LLMsMagType10_PosDown20,,0
MCO_SHM_LLMsMagType10_PosDown21,Analog,MCO_SHM_LLMsMagType10_PosDown21,,0
MCO_SHM_LLMsMagType10_PosDown22,Analog,MCO_SHM_LLMsMagType10_PosDown22,,0
MCO_SHM_LLMsMagType10_PosDown23,Analog,MCO_SHM_LLMsMagType10_PosDown23,,0
MCO_SHM_LLMsMagType10_PosDown24,Analog,MCO_SHM_LLMsMagType10_PosDown24,,0
MCO_SHM_LLMsMagType10_PosDown25,Analog,MCO_SHM_LLMsMagType10_PosDown25,,0
MCO_SHM_LLM1MagTypePrSl,Analog,MCO_SHM_LLM1MagTypePrSl,,0
MCO_SHM_LLM2MagTypePrSl,Analog,MCO_SHM_LLM2MagTypePrSl,,0
MCO_SHM_LLM3MagTypePrSl,Analog,MCO_SHM_LLM3MagTypePrSl,,0
MCO_SHM_LLM1MagPosOffsGlobal,Analog,MCO_SHM_LLM1MagPosOffsGlobal,,0
MCO_SHM_LLM2MagPosOffsGlobal,Analog,MCO_SHM_LLM2MagPosOffsGlobal,,0
MCO_SHM_LLM3MagPosOffsGlobal,Analog,MCO_SHM_LLM3MagPosOffsGlobal,,0
MCO_SHM_TSSubNo,Analog,MCO_SHM_TSSubNo,,1
MCO_SHM_TSMagType,Analog,MCO_SHM_TSMagType,,3
MCO_SHM_Rbt_VeloOverrProd,Analog,MCO_SHM_Rbt_VeloOverrProd,,50
MCO_SHM_Rbt_Idx_HmPos,Analog,MCO_SHM_Rbt_Idx_HmPos,,0
MCO_SHM_Rbt_Idx_PM_retracted,Analog,MCO_SHM_Rbt_Idx_PM_retracted,,1
MCO_SHM_Rbt_Idx_PM_extended,Analog,MCO_SHM_Rbt_Idx_PM_extended,,2
MCO_SHM_Rbt_Idx_LLM1_retracted,Analog,MCO_SHM_Rbt_Idx_LLM1_retracted,,3
MCO_SHM_Rbt_Idx_LLM1_extended,Analog,MCO_SHM_Rbt_Idx_LLM1_extended,,4
MCO_SHM_Rbt_Idx_LLM2_retracted,Analog,MCO_SHM_Rbt_Idx_LLM2_retracted,,5
MCO_SHM_Rbt_Idx_LLM2_extended,Analog,MCO_SHM_Rbt_Idx_LLM2_extended,,6
MCO_SHM_Rbt_Idx_LLM3_retracted,Analog,MCO_SHM_Rbt_Idx_LLM3_retracted,,7
MCO_SHM_Rbt_Idx_LLM3_extended,Analog,MCO_SHM_Rbt_Idx_LLM3_extended,,8
MCO_SHM_Tr_PrevacLineEvac_SET,Analog,MCO_SHM_Tr_PrevacLineEvac_SET,,1.00E-02
MCO_SHM_Tr_PrevacLineEvac_RES,Analog,MCO_SHM_Tr_PrevacLineEvac_RES,,5.00E-02
MCO_SHM_Tr_LLMsMainVent_SET,Analog,MCO_SHM_Tr_LLMsMainVent_SET,,120
MCO_SHM_Tr_LLMsMainVent_RES,Analog,MCO_SHM_Tr_LLMsMainVent_RES,,1050
MCO_SHM_Tr_LLMsMainEvac_SET,Analog,MCO_SHM_Tr_LLMsMainEvac_SET,,40
MCO_SHM_Tr_LLMsMainEvac_RES,Analog,MCO_SHM_Tr_LLMsMainEvac_RES,,60
MCO_SHM_Tr_LLMsGtVs_SET,Analog,MCO_SHM_Tr_LLMsGtVs_SET,,5.00E-02
MCO_SHM_Tr_LLMsGtVs_RES,Analog,MCO_SHM_Tr_LLMsGtVs_RES,,8.00E-02
MCO_SHM_Tr_TMGtV_SET,Analog,MCO_SHM_Tr_TMGtV_SET,,1.00E-03
MCO_SHM_Tr_TMGtV_RES,Analog,MCO_SHM_Tr_TMGtV_RES,,5.00E-02
MCO_SHM_Tr_LLMsDrvRelMTChPos_SET,Analog,MCO_SHM_Tr_LLMsDrvRelMTChPos_SET,,500
MCO_SHM_Tr_LLMsDrvRelMTChPos_RES,Analog,MCO_SHM_Tr_LLMsDrvRelMTChPos_RES,,1050
MCO_SHM_Tr_TMTmp_pvv_SET,Analog,MCO_SHM_Tr_TMTmp_pvv_SET,,5.00E-01
MCO_SHM_Tr_TMTmp_pvv_RES,Analog,MCO_SHM_Tr_TMTmp_pvv_RES,,8.00E-01
MCO_SHM_Tr_TMTmp_phv_SET,Analog,MCO_SHM_Tr_TMTmp_phv_SET,,5.00E-02
MCO_SHM_Tr_TMTmp_phv_RES,Analog,MCO_SHM_Tr_TMTmp_phv_RES,,8.00E-02
MCO_SHM_Tr_TMEvacRdyRoughVac_SET,Analog,MCO_SHM_Tr_TMEvacRdyRoughVac_SET,,1.00E-02
MCO_SHM_Tr_TMEvacRdyRoughVac_RES,Analog,MCO_SHM_Tr_TMEvacRdyRoughVac_RES,,5.00E-01
MCO_SHM_Tr_TMEvacRdyHighVac_SET,Analog,MCO_SHM_Tr_TMEvacRdyHighVac_SET,,1.00E-03
MCO_SHM_Tr_TMEvacRdyHighVac_RES,Analog,MCO_SHM_Tr_TMEvacRdyHighVac_RES,,5.00E-02
MCO_SHM_Tr_BPG_DegassingSet,Analog,MCO_SHM_Tr_BPG_DegassingSet,,2.00E-05
MCO_SHM_Tr_BPG_DegassingReset,Analog,MCO_SHM_Tr_BPG_DegassingReset,,5.00E-05
MCO_SHM_LLMsAtmSwOnDT,Analog,MCO_SHM_LLMsAtmSwOnDT,,3
MCO_SHM_TMAtmSwOnDT,Analog,MCO_SHM_TMAtmSwOnDT,,60
NomS_Ht_EnVal,Analog,NomS_Ht_EnVal,,0
NomS_Ht_HR,Analog,NomS_Ht_HR,,0
NomS_Ht_HT,Analog,NomS_Ht_HT,,0
NomS_Ht_RR,Analog,NomS_Ht_RR,,0
NomS_Ht_RT,Analog,NomS_Ht_RT,,0
NomS_Ht_RTp,Analog,NomS_Ht_RTp,,0
NomS_Ht_StVal,Analog,NomS_Ht_StVal,,0
NomS_HtCtrlMode,Analog,NomS_HtCtrlMode,,1
NomS_HtCtrlrKp,Analog,NomS_HtCtrlrKp,,0
NomS_HtCtrlrTn,Analog,NomS_HtCtrlrTn,,0
NomS_HtPwrRatio,Analog,NomS_HtPwrRatio,,0
NomS_HtPwrRatioCirc1,Analog,NomS_HtPwrRatioCirc1,,0
NomS_HtPwrRatioCirc2,Analog,NomS_HtPwrRatioCirc2,,0
NomS_LeakTestOnDT,Analog,NomS_LeakTestOnDT,,20
NomS_LeakTestTime,Analog,NomS_LeakTestTime,,0
NomS_LiftDrvOverr,Analog,NomS_LiftDrvOverr,,0
NomS_LiftDrvPos,Analog,NomS_LiftDrvPos,,0
NomS_LiftDrvPosPrSl,Analog,NomS_LiftDrvPosPrSl,,0
NomS_LLM_LeakTestOnDT,Analog,NomS_LLM_LeakTestOnDT,,0
NomS_LLM_LeakTestTime,Analog,NomS_LLM_LeakTestTime,,0
NomS_LLM_SubstNoChangeEnd,Analog,NomS_LLM_SubstNoChangeEnd,,0
NomS_LLM_SubstNoChangeStart,Analog,NomS_LLM_SubstNoChangeStart,,0
NomS_LLM_SubstNoTrp,Analog,NomS_LLM_SubstNoTrp,,0
NomS_LLM_ThrustDrvOverr,Analog,NomS_LLM_ThrustDrvOverr,,0
NomS_LLM_ThrustDrvPos,Analog,NomS_LLM_ThrustDrvPos,,0
NomS_LLM_ThrustDrvPosPrSl,Analog,NomS_LLM_ThrustDrvPosPrSl,,0
NomS_MDrvOffsetPyroPos,Analog,NomS_MDrvOffsetPyroPos,,0
NomS_MDrvOverr,Analog,NomS_MDrvOverr,,0
NomS_MDrvPos,Analog,NomS_MDrvPos,,0
NomS_MDrvPosPrSl,Analog,NomS_MDrvPosPrSl,,0
NomS_MDrvSubstNo,Analog,NomS_MDrvSubstNo,,0
NomS_MDrvVelo,Analog,NomS_MDrvVelo,,0
NomS_OMS_BlockFilterPos,Analog,NomS_OMS_BlockFilterPos,,1
NomS_OMS_CalMode,Analog,NomS_OMS_CalMode,,1
NomS_OMS_CalWLInc,Analog,NomS_OMS_CalWLInc,,0
NomS_OMS_CalWLLowerLimit,Analog,NomS_OMS_CalWLLowerLimit,,0
NomS_OMS_CalWLUpperLimit,Analog,NomS_OMS_CalWLUpperLimit,,0
NomS_OMS_ChpFrcy,Analog,NomS_OMS_ChpFrcy,,0
NomS_OMS_CompTimeShutterDelay,Analog,NomS_OMS_CompTimeShutterDelay,,0
NomS_OMS_DeposRate,Analog,NomS_OMS_DeposRate,,0
NomS_OMS_EntranceSlit,Analog,NomS_OMS_EntranceSlit,,0
NomS_OMS_ExitMirrorPos,Analog,NomS_OMS_ExitMirrorPos,,1
NomS_OMS_ExitSlitFront,Analog,NomS_OMS_ExitSlitFront,,0
NomS_OMS_ExitSlitSide,Analog,NomS_OMS_ExitSlitSide,,0
NomS_OMS_GainInt,Analog,NomS_OMS_GainInt,,0
NomS_OMS_GainRef,Analog,NomS_OMS_GainRef,,0
NomS_OMS_GainSignalAvg,Analog,NomS_OMS_GainSignalAvg,,0
NomS_OMS_IntermittenDataSet,Analog,NomS_OMS_IntermittenDataSet,,0
NomS_OMS_MeasMode,Analog,NomS_OMS_MeasMode,,0
NomS_OMS_MeasSetup,Analog,NomS_OMS_MeasSetup,,4
NomS_OMS_MonWL,Analog,NomS_OMS_MonWL,,0
NomS_OMS_OpticalThick,Analog,NomS_OMS_OpticalThick,,0
NomS_OMS_OverwBlockFilterPos,Analog,NomS_OMS_OverwBlockFilterPos,,0
NomS_OMS_OverwExitMirrorPos,Analog,NomS_OMS_OverwExitMirrorPos,,0
NomS_OMS_OverwGain,Analog,NomS_OMS_OverwGain,,0
NomS_OMS_OverwTurretPos,Analog,NomS_OMS_OverwTurretPos,,0
NomS_OMS_RecOutpMax,Analog,NomS_OMS_RecOutpMax,,0
NomS_OMS_RecOutpMin,Analog,NomS_OMS_RecOutpMin,,0
NomS_OMS_RefractiveIdx,Analog,NomS_OMS_RefractiveIdx,,0
NomS_OMS_RefractiveIdxRef,Analog,NomS_OMS_RefractiveIdxRef,,0
NomS_OMS_SettlingTime,Analog,NomS_OMS_SettlingTime,,0
NomS_OMS_SmoothFunctionActive,Analog,NomS_OMS_SmoothFunctionActive,,1
NomS_OMS_SpecSettlingtime,Analog,NomS_OMS_SpecSettlingtime,,0
NomS_OMS_SpecWLIncr,Analog,NomS_OMS_SpecWLIncr,,0
NomS_OMS_SpecWLLowerLimit,Analog,NomS_OMS_SpecWLLowerLimit,,0
NomS_OMS_SpecWLUpperLimit,Analog,NomS_OMS_SpecWLUpperLimit,,0
NomS_OMS_SubstDrvSpeed,Analog,NomS_OMS_SubstDrvSpeed,,0
NomS_OMS_TrigPointAlgorithm,Analog,NomS_OMS_TrigPointAlgorithm,,3
NomS_OMS_TSPos,Analog,NomS_OMS_TSPos,,0
NomS_OMS_TurretPos,Analog,NomS_OMS_TurretPos,,1
NomS_OMS_UnchAvg_Time,Analog,NomS_OMS_UnchAvg_Time,,0
NomS_OMS_UnchMode,Analog,NomS_OMS_UnchMode,,1
NomS_OMS_UnchPhs,Analog,NomS_OMS_UnchPhs,,1
NomS_OMS_WarmuptimeDeuterium,Analog,NomS_OMS_WarmuptimeDeuterium,,0
NomS_OMS_WarmuptimeHalogen,Analog,NomS_OMS_WarmuptimeHalogen,,0
NomS_OMS_PortNo,Analog,NomS_OMS_PortNo,,1
NomS_OMS_UsedMeasuringSystem,Analog,NomS_OMS_UsedMeasuringSystem,,1
NomS_PBS_Gas1_EnVal,Analog,NomS_PBS_Gas1_EnVal,,0
NomS_PBS_Gas1_HR,Analog,NomS_PBS_Gas1_HR,,0
NomS_PBS_Gas1_HT,Analog,NomS_PBS_Gas1_HT,,0
NomS_PBS_Gas1_RR,Analog,NomS_PBS_Gas1_RR,,0
NomS_PBS_Gas1_RT,Analog,NomS_PBS_Gas1_RT,,0
NomS_PBS_Gas1_RTp,Analog,NomS_PBS_Gas1_RTp,,0
NomS_PBS_Gas1_StVal,Analog,NomS_PBS_Gas1_StVal,,0
NomS_PBS_Gas1PlasIgnFlow,Analog,NomS_PBS_Gas1PlasIgnFlow,,0
NomS_PBS_Gas2_EnVal,Analog,NomS_PBS_Gas2_EnVal,,0
NomS_PBS_Gas2_HR,Analog,NomS_PBS_Gas2_HR,,0
NomS_PBS_Gas2_HT,Analog,NomS_PBS_Gas2_HT,,0
NomS_PBS_Gas2_RR,Analog,NomS_PBS_Gas2_RR,,0
NomS_PBS_Gas2_RT,Analog,NomS_PBS_Gas2_RT,,0
NomS_PBS_Gas2_RTp,Analog,NomS_PBS_Gas2_RTp,,0
NomS_PBS_Gas2_StVal,Analog,NomS_PBS_Gas2_StVal,,0
NomS_PBS_Gas2PlasIgnFlow,Analog,NomS_PBS_Gas2PlasIgnFlow,,0
NomS_PBS_Gas3_EnVal,Analog,NomS_PBS_Gas3_EnVal,,0
NomS_PBS_Gas3_HR,Analog,NomS_PBS_Gas3_HR,,0
NomS_PBS_Gas3_HT,Analog,NomS_PBS_Gas3_HT,,0
NomS_PBS_Gas3_RR,Analog,NomS_PBS_Gas3_RR,,0
NomS_PBS_Gas3_RT,Analog,NomS_PBS_Gas3_RT,,0
NomS_PBS_Gas3_RTp,Analog,NomS_PBS_Gas3_RTp,,0
NomS_PBS_Gas3_StVal,Analog,NomS_PBS_Gas3_StVal,,0
NomS_PBS_Gas3PlasIgnFlow,Analog,NomS_PBS_Gas3PlasIgnFlow,,0
NomS_PBS_MBoxIgnPosC1,Analog,NomS_PBS_MBoxIgnPosC1,,0
NomS_PBS_MBoxIgnPosC2,Analog,NomS_PBS_MBoxIgnPosC2,,0
NomS_PBS_MBoxPosC1,Analog,NomS_PBS_MBoxPosC1,,0
NomS_PBS_MBoxPosC2,Analog,NomS_PBS_MBoxPosC2,,0
NomS_PBS_Sply_EnVal,Analog,NomS_PBS_Sply_EnVal,,0
NomS_PBS_Sply_HR,Analog,NomS_PBS_Sply_HR,,0
NomS_PBS_Sply_HT,Analog,NomS_PBS_Sply_HT,,0
NomS_PBS_Sply_RR,Analog,NomS_PBS_Sply_RR,,0
NomS_PBS_Sply_RT,Analog,NomS_PBS_Sply_RT,,0
NomS_PBS_Sply_RTp,Analog,NomS_PBS_Sply_RTp,,0
NomS_PBS_Sply_StVal,Analog,NomS_PBS_Sply_StVal,,0
NomS_PBS_SplyMaxRefPwr,Analog,NomS_PBS_SplyMaxRefPwr,,0
NomS_PBS_SplyPlasIgnPwr,Analog,NomS_PBS_SplyPlasIgnPwr,,0
NomS_PBS_SplyPlasIgnTime,Analog,NomS_PBS_SplyPlasIgnTime,,0
NomS_PBS_SplyPlasRCFwdPwr,Analog,NomS_PBS_SplyPlasRCFwdPwr,,0
NomS_PBS_SplyPlasRCOffDTPlas,Analog,NomS_PBS_SplyPlasRCOffDTPlas,,0
NomS_PBS_SplyPlasRCTime,Analog,NomS_PBS_SplyPlasRCTime,,0
NomS_PC_OMS_MaterialID,Message,NomS_PC_OMS_MaterialID,,----
NomS_PC_OMS_SubstrateID,Message,NomS_PC_OMS_SubstrateID,,----
NomS_PC_OMS_UnchPos,Analog,NomS_PC_OMS_UnchPos,,1
NomS_PC_OMS_UnchPosDark,Analog,NomS_PC_OMS_UnchPosDark,,0
NomS_PC_OMS_UnchPosIntSub1,Analog,NomS_PC_OMS_UnchPosIntSub1,,0
NomS_PC_OMS_UnchPosIntSub2,Analog,NomS_PC_OMS_UnchPosIntSub2,,0
NomS_PC_OMS_UnchPosRef,Analog,NomS_PC_OMS_UnchPosRef,,0
NomS_PC_OMS_UnchPosTS,Analog,NomS_PC_OMS_UnchPosTS,,0
NomS_PVD1_Gas1_EnVal,Analog,NomS_PVD1_Gas1_EnVal,,0
NomS_PVD1_Gas1_HR,Analog,NomS_PVD1_Gas1_HR,,0
NomS_PVD1_Gas1_HT,Analog,NomS_PVD1_Gas1_HT,,0
NomS_PVD1_Gas1_RR,Analog,NomS_PVD1_Gas1_RR,,0
NomS_PVD1_Gas1_RT,Analog,NomS_PVD1_Gas1_RT,,0
NomS_PVD1_Gas1_RTp,Analog,NomS_PVD1_Gas1_RTp,,0
NomS_PVD1_Gas1_StVal,Analog,NomS_PVD1_Gas1_StVal,,0
NomS_PVD1_Gas2_EnVal,Analog,NomS_PVD1_Gas2_EnVal,,0
NomS_PVD1_Gas2_HR,Analog,NomS_PVD1_Gas2_HR,,0
NomS_PVD1_Gas2_HT,Analog,NomS_PVD1_Gas2_HT,,0
NomS_PVD1_Gas2_RR,Analog,NomS_PVD1_Gas2_RR,,0
NomS_PVD1_Gas2_RT,Analog,NomS_PVD1_Gas2_RT,,0
NomS_PVD1_Gas2_RTp,Analog,NomS_PVD1_Gas2_RTp,,0
NomS_PVD1_Gas2_StVal,Analog,NomS_PVD1_Gas2_StVal,,0
NomS_PVD1_Gas3_EnVal,Analog,NomS_PVD1_Gas3_EnVal,,0
NomS_PVD1_Gas3_HR,Analog,NomS_PVD1_Gas3_HR,,0
NomS_PVD1_Gas3_HT,Analog,NomS_PVD1_Gas3_HT,,0
NomS_PVD1_Gas3_RR,Analog,NomS_PVD1_Gas3_RR,,0
NomS_PVD1_Gas3_RT,Analog,NomS_PVD1_Gas3_RT,,0
NomS_PVD1_Gas3_RTp,Analog,NomS_PVD1_Gas3_RTp,,0
NomS_PVD1_Gas3_StVal,Analog,NomS_PVD1_Gas3_StVal,,0
NomS_PVD1_Gas4_EnVal,Analog,NomS_PVD1_Gas4_EnVal,,0
NomS_PVD1_Gas4_HR,Analog,NomS_PVD1_Gas4_HR,,0
NomS_PVD1_Gas4_HT,Analog,NomS_PVD1_Gas4_HT,,0
NomS_PVD1_Gas4_RR,Analog,NomS_PVD1_Gas4_RR,,0
NomS_PVD1_Gas4_RT,Analog,NomS_PVD1_Gas4_RT,,0
NomS_PVD1_Gas4_RTp,Analog,NomS_PVD1_Gas4_RTp,,0
NomS_PVD1_Gas4_StVal,Analog,NomS_PVD1_Gas4_StVal,,0
NomS_PVD1_GasStabT,Analog,NomS_PVD1_GasStabT,,0
NomS_PVD1_InMFRPos,Analog,NomS_PVD1_InMFRPos,,0
NomS_PVD1_LS_EnVal,Analog,NomS_PVD1_LS_EnVal,,0
NomS_PVD1_LS_HR,Analog,NomS_PVD1_LS_HR,,0
NomS_PVD1_LS_HT,Analog,NomS_PVD1_LS_HT,,0
NomS_PVD1_LS_RR,Analog,NomS_PVD1_LS_RR,,0
NomS_PVD1_LS_RT,Analog,NomS_PVD1_LS_RT,,0
NomS_PVD1_LS_RTp,Analog,NomS_PVD1_LS_RTp,,0
NomS_PVD1_LS_StVal,Analog,NomS_PVD1_LS_StVal,,0
NomS_PVD1_LSCKp,Analog,NomS_PVD1_LSCKp,,0
NomS_PVD1_LSCLimitFltDT,Analog,NomS_PVD1_LSCLimitFltDT,,0
NomS_PVD1_LSCMaxCurr,Analog,NomS_PVD1_LSCMaxCurr,,0
NomS_PVD1_LSCMaxPwr,Analog,NomS_PVD1_LSCMaxPwr,,0
NomS_PVD1_LSCMaxTol,Analog,NomS_PVD1_LSCMaxTol,,0
NomS_PVD1_LSCMaxVolt,Analog,NomS_PVD1_LSCMaxVolt,,0
NomS_PVD1_LSCOnDT,Analog,NomS_PVD1_LSCOnDT,,0
NomS_PVD1_LSCRegFltDT,Analog,NomS_PVD1_LSCRegFltDT,,0
NomS_PVD1_LSCStabT,Analog,NomS_PVD1_LSCStabT,,0
NomS_PVD1_LSCStartVoltFltDT,Analog,NomS_PVD1_LSCStartVoltFltDT,,0
NomS_PVD1_LSCTn,Analog,NomS_PVD1_LSCTn,,0
NomS_PVD1_LSCTv,Analog,NomS_PVD1_LSCTv,,0
NomS_PVD1_LSVoltCtrlrOn,Analog,NomS_PVD1_LSVoltCtrlrOn,,0
NomS_PVD1_LSCNoAvgValVolt,Analog,NomS_PVD1_LSCNoAvgValVolt,,0
NomS_PVD1_OutMFRPos,Analog,NomS_PVD1_OutMFRPos,,0
NomS_PVD1_Sply_EnVal,Analog,NomS_PVD1_Sply_EnVal,,0
NomS_PVD1_Sply_HR,Analog,NomS_PVD1_Sply_HR,,0
NomS_PVD1_Sply_HT,Analog,NomS_PVD1_Sply_HT,,0
NomS_PVD1_Sply_RR,Analog,NomS_PVD1_Sply_RR,,0
NomS_PVD1_Sply_RT,Analog,NomS_PVD1_Sply_RT,,0
NomS_PVD1_Sply_RTp,Analog,NomS_PVD1_Sply_RTp,,0
NomS_PVD1_Sply_StVal,Analog,NomS_PVD1_Sply_StVal,,0
NomS_PVD1_SplyCtrlMode,Analog,NomS_PVD1_SplyCtrlMode,,1
NomS_PVD1_SplyMode,Analog,NomS_PVD1_SplyMode,,1
NomS_PVD1_SplyPlasRCCurr,Analog,NomS_PVD1_SplyPlasRCCurr,,0
NomS_PVD1_SplyPlasRCOffDTPlas,Analog,NomS_PVD1_SplyPlasRCOffDTPlas,,0
NomS_PVD1_SplyPlasRCTime,Analog,NomS_PVD1_SplyPlasRCTime,,0
NomS_PVD1_SplyPlasRCVolt,Analog,NomS_PVD1_SplyPlasRCVolt,,0
NomS_PVD1_SplyTAP,Analog,NomS_PVD1_SplyTAP,,1
NOMS_PVD1_SplyPlasRCPwr,Analog,NOMS_PVD1_SplyPlasRCPwr,,0
NOMS_PVD1_MBoxIgnPosC1,Analog,NOMS_PVD1_MBoxIgnPosC1,,0
NOMS_PVD1_MBoxIgnPosC2,Analog,NOMS_PVD1_MBoxIgnPosC2,,0
NOMS_PVD1_MBoxPlasRCMode,Analog,NOMS_PVD1_MBoxPlasRCMode,,1
NOMS_PVD1_MBoxPlasRCTime,Analog,NOMS_PVD1_MBoxPlasRCTime,,0
NOMS_PVD1_MBoxPlasRCOffDTPlas,Analog,NOMS_PVD1_MBoxPlasRCOffDTPlas,,0
NOMS_PVD1_MBoxPlasRCDcBiasVolt,Analog,NOMS_PVD1_MBoxPlasRCDcBiasVolt,,0
NOMS_PVD1_Gas1PlasIgnFlow,Analog,NOMS_PVD1_Gas1PlasIgnFlow,,0
NOMS_PVD1_Gas2PlasIgnFlow,Analog,NOMS_PVD1_Gas2PlasIgnFlow,,0
NOMS_PVD1_Gas2PlasIgnFlow,Analog,NOMS_PVD1_Gas2PlasIgnFlow,,0
NOMS_PVD1_SplyPlasIgnPwr,Analog,NOMS_PVD1_SplyPlasIgnPwr,,0
NomS_PVD2_Gas1_EnVal,Analog,NomS_PVD2_Gas1_EnVal,,0
NomS_PVD2_Gas1_HR,Analog,NomS_PVD2_Gas1_HR,,0
NomS_PVD2_Gas1_HT,Analog,NomS_PVD2_Gas1_HT,,0
NomS_PVD2_Gas1_RR,Analog,NomS_PVD2_Gas1_RR,,0
NomS_PVD2_Gas1_RT,Analog,NomS_PVD2_Gas1_RT,,0
NomS_PVD2_Gas1_RTp,Analog,NomS_PVD2_Gas1_RTp,,0
NomS_PVD2_Gas1_StVal,Analog,NomS_PVD2_Gas1_StVal,,0
NomS_PVD2_Gas2_EnVal,Analog,NomS_PVD2_Gas2_EnVal,,0
NomS_PVD2_Gas2_HR,Analog,NomS_PVD2_Gas2_HR,,0
NomS_PVD2_Gas2_HT,Analog,NomS_PVD2_Gas2_HT,,0
NomS_PVD2_Gas2_RR,Analog,NomS_PVD2_Gas2_RR,,0
NomS_PVD2_Gas2_RT,Analog,NomS_PVD2_Gas2_RT,,0
NomS_PVD2_Gas2_RTp,Analog,NomS_PVD2_Gas2_RTp,,0
NomS_PVD2_Gas2_StVal,Analog,NomS_PVD2_Gas2_StVal,,0
NomS_PVD2_Gas3_EnVal,Analog,NomS_PVD2_Gas3_EnVal,,0
NomS_PVD2_Gas3_HR,Analog,NomS_PVD2_Gas3_HR,,0
NomS_PVD2_Gas3_HT,Analog,NomS_PVD2_Gas3_HT,,0
NomS_PVD2_Gas3_RR,Analog,NomS_PVD2_Gas3_RR,,0
NomS_PVD2_Gas3_RT,Analog,NomS_PVD2_Gas3_RT,,0
NomS_PVD2_Gas3_RTp,Analog,NomS_PVD2_Gas3_RTp,,0
NomS_PVD2_Gas3_StVal,Analog,NomS_PVD2_Gas3_StVal,,0
NomS_PVD2_Gas4_EnVal,Analog,NomS_PVD2_Gas4_EnVal,,0
NomS_PVD2_Gas4_HR,Analog,NomS_PVD2_Gas4_HR,,0
NomS_PVD2_Gas4_HT,Analog,NomS_PVD2_Gas4_HT,,0
NomS_PVD2_Gas4_RR,Analog,NomS_PVD2_Gas4_RR,,0
NomS_PVD2_Gas4_RT,Analog,NomS_PVD2_Gas4_RT,,0
NomS_PVD2_Gas4_RTp,Analog,NomS_PVD2_Gas4_RTp,,0
NomS_PVD2_Gas4_StVal,Analog,NomS_PVD2_Gas4_StVal,,0
NomS_PVD2_GasStabT,Analog,NomS_PVD2_GasStabT,,0
NomS_PVD2_InMFRPos,Analog,NomS_PVD2_InMFRPos,,0
NomS_PVD2_LS_EnVal,Analog,NomS_PVD2_LS_EnVal,,0
NomS_PVD2_LS_HR,Analog,NomS_PVD2_LS_HR,,0
NomS_PVD2_LS_HT,Analog,NomS_PVD2_LS_HT,,0
NomS_PVD2_LS_RR,Analog,NomS_PVD2_LS_RR,,0
NomS_PVD2_LS_RT,Analog,NomS_PVD2_LS_RT,,0
NomS_PVD2_LS_RTp,Analog,NomS_PVD2_LS_RTp,,0
NomS_PVD2_LS_StVal,Analog,NomS_PVD2_LS_StVal,,0
NomS_PVD2_LSCKp,Analog,NomS_PVD2_LSCKp,,0
NomS_PVD2_LSCLimitFltDT,Analog,NomS_PVD2_LSCLimitFltDT,,0
NomS_PVD2_LSCMaxCurr,Analog,NomS_PVD2_LSCMaxCurr,,0
NomS_PVD2_LSCMaxPwr,Analog,NomS_PVD2_LSCMaxPwr,,0
NomS_PVD2_LSCMaxTol,Analog,NomS_PVD2_LSCMaxTol,,0
NomS_PVD2_LSCMaxVolt,Analog,NomS_PVD2_LSCMaxVolt,,0
NomS_PVD2_LSCOnDT,Analog,NomS_PVD2_LSCOnDT,,0
NomS_PVD2_LSCRegFltDT,Analog,NomS_PVD2_LSCRegFltDT,,0
NomS_PVD2_LSCStabT,Analog,NomS_PVD2_LSCStabT,,0
NomS_PVD2_LSCStartVoltFltDT,Analog,NomS_PVD2_LSCStartVoltFltDT,,0
NomS_PVD2_LSCTn,Analog,NomS_PVD2_LSCTn,,0
NomS_PVD2_LSCTv,Analog,NomS_PVD2_LSCTv,,0
NomS_PVD2_LSVoltCtrlrOn,Analog,NomS_PVD2_LSVoltCtrlrOn,,0
NomS_PVD2_LSCNoAvgValVolt,Analog,NomS_PVD2_LSCNoAvgValVolt,,0
NomS_PVD2_OutMFRPos,Analog,NomS_PVD2_OutMFRPos,,0
NomS_PVD2_Sply_EnVal,Analog,NomS_PVD2_Sply_EnVal,,0
NomS_PVD2_Sply_HR,Analog,NomS_PVD2_Sply_HR,,0
NomS_PVD2_Sply_HT,Analog,NomS_PVD2_Sply_HT,,0
NomS_PVD2_Sply_RR,Analog,NomS_PVD2_Sply_RR,,0
NomS_PVD2_Sply_RT,Analog,NomS_PVD2_Sply_RT,,0
NomS_PVD2_Sply_RTp,Analog,NomS_PVD2_Sply_RTp,,0
NomS_PVD2_Sply_StVal,Analog,NomS_PVD2_Sply_StVal,,0
NomS_PVD2_SplyCtrlMode,Analog,NomS_PVD2_SplyCtrlMode,,1
NomS_PVD2_SplyMode,Analog,NomS_PVD2_SplyMode,,1
NomS_PVD2_SplyPlasRCCurr,Analog,NomS_PVD2_SplyPlasRCCurr,,0
NomS_PVD2_SplyPlasRCOffDTPlas,Analog,NomS_PVD2_SplyPlasRCOffDTPlas,,0
NomS_PVD2_SplyPlasRCTime,Analog,NomS_PVD2_SplyPlasRCTime,,0
NomS_PVD2_SplyPlasRCVolt,Analog,NomS_PVD2_SplyPlasRCVolt,,0
NomS_PVD2_SplyTAP,Analog,NomS_PVD2_SplyTAP,,1
NOMS_PVD2_SplyPlasRCPwr,Analog,NOMS_PVD2_SplyPlasRCPwr,,0
NOMS_PVD2_MBoxIgnPosC1,Analog,NOMS_PVD2_MBoxIgnPosC1,,0
NOMS_PVD2_MBoxIgnPosC2,Analog,NOMS_PVD2_MBoxIgnPosC2,,0
NOMS_PVD2_MBoxPlasRCMode,Analog,NOMS_PVD2_MBoxPlasRCMode,,1
NOMS_PVD2_MBoxPlasRCTime,Analog,NOMS_PVD2_MBoxPlasRCTime,,0
NOMS_PVD2_MBoxPlasRCOffDTPlas,Analog,NOMS_PVD2_MBoxPlasRCOffDTPlas,,0
NOMS_PVD2_MBoxPlasRCDcBiasVolt,Analog,NOMS_PVD2_MBoxPlasRCDcBiasVolt,,0
NOMS_PVD2_Gas1PlasIgnFlow,Analog,NOMS_PVD2_Gas1PlasIgnFlow,,0
NOMS_PVD2_Gas2PlasIgnFlow,Analog,NOMS_PVD2_Gas2PlasIgnFlow,,0
NOMS_PVD2_Gas2PlasIgnFlow,Analog,NOMS_PVD2_Gas2PlasIgnFlow,,0
NOMS_PVD2_SplyPlasIgnPwr,Analog,NOMS_PVD2_SplyPlasIgnPwr,,0
NomS_PVD3_Gas1_EnVal,Analog,NomS_PVD3_Gas1_EnVal,,0
NomS_PVD3_Gas1_HR,Analog,NomS_PVD3_Gas1_HR,,0
NomS_PVD3_Gas1_HT,Analog,NomS_PVD3_Gas1_HT,,0
NomS_PVD3_Gas1_RR,Analog,NomS_PVD3_Gas1_RR,,0
NomS_PVD3_Gas1_RT,Analog,NomS_PVD3_Gas1_RT,,0
NomS_PVD3_Gas1_RTp,Analog,NomS_PVD3_Gas1_RTp,,0
NomS_PVD3_Gas1_StVal,Analog,NomS_PVD3_Gas1_StVal,,0
NomS_PVD3_Gas2_EnVal,Analog,NomS_PVD3_Gas2_EnVal,,0
NomS_PVD3_Gas2_HR,Analog,NomS_PVD3_Gas2_HR,,0
NomS_PVD3_Gas2_HT,Analog,NomS_PVD3_Gas2_HT,,0
NomS_PVD3_Gas2_RR,Analog,NomS_PVD3_Gas2_RR,,0
NomS_PVD3_Gas2_RT,Analog,NomS_PVD3_Gas2_RT,,0
NomS_PVD3_Gas2_RTp,Analog,NomS_PVD3_Gas2_RTp,,0
NomS_PVD3_Gas2_StVal,Analog,NomS_PVD3_Gas2_StVal,,0
NomS_PVD3_Gas3_EnVal,Analog,NomS_PVD3_Gas3_EnVal,,0
NomS_PVD3_Gas3_HR,Analog,NomS_PVD3_Gas3_HR,,0
NomS_PVD3_Gas3_HT,Analog,NomS_PVD3_Gas3_HT,,0
NomS_PVD3_Gas3_RR,Analog,NomS_PVD3_Gas3_RR,,0
NomS_PVD3_Gas3_RT,Analog,NomS_PVD3_Gas3_RT,,0
NomS_PVD3_Gas3_RTp,Analog,NomS_PVD3_Gas3_RTp,,0
NomS_PVD3_Gas3_StVal,Analog,NomS_PVD3_Gas3_StVal,,0
NomS_PVD3_Gas4_EnVal,Analog,NomS_PVD3_Gas4_EnVal,,0
NomS_PVD3_Gas4_HR,Analog,NomS_PVD3_Gas4_HR,,0
NomS_PVD3_Gas4_HT,Analog,NomS_PVD3_Gas4_HT,,0
NomS_PVD3_Gas4_RR,Analog,NomS_PVD3_Gas4_RR,,0
NomS_PVD3_Gas4_RT,Analog,NomS_PVD3_Gas4_RT,,0
NomS_PVD3_Gas4_RTp,Analog,NomS_PVD3_Gas4_RTp,,0
NomS_PVD3_Gas4_StVal,Analog,NomS_PVD3_Gas4_StVal,,0
NomS_PVD3_GasStabT,Analog,NomS_PVD3_GasStabT,,0
NomS_PVD3_InMFRPos,Analog,NomS_PVD3_InMFRPos,,0
NomS_PVD3_LS_EnVal,Analog,NomS_PVD3_LS_EnVal,,0
NomS_PVD3_LS_HR,Analog,NomS_PVD3_LS_HR,,0
NomS_PVD3_LS_HT,Analog,NomS_PVD3_LS_HT,,0
NomS_PVD3_LS_RR,Analog,NomS_PVD3_LS_RR,,0
NomS_PVD3_LS_RT,Analog,NomS_PVD3_LS_RT,,0
NomS_PVD3_LS_RTp,Analog,NomS_PVD3_LS_RTp,,0
NomS_PVD3_LS_StVal,Analog,NomS_PVD3_LS_StVal,,0
NomS_PVD3_LSCKp,Analog,NomS_PVD3_LSCKp,,0
NomS_PVD3_LSCLimitFltDT,Analog,NomS_PVD3_LSCLimitFltDT,,0
NomS_PVD3_LSCMaxCurr,Analog,NomS_PVD3_LSCMaxCurr,,0
NomS_PVD3_LSCMaxPwr,Analog,NomS_PVD3_LSCMaxPwr,,0
NomS_PVD3_LSCMaxTol,Analog,NomS_PVD3_LSCMaxTol,,0
NomS_PVD3_LSCMaxVolt,Analog,NomS_PVD3_LSCMaxVolt,,0
NomS_PVD3_LSCOnDT,Analog,NomS_PVD3_LSCOnDT,,0
NomS_PVD3_LSCRegFltDT,Analog,NomS_PVD3_LSCRegFltDT,,0
NomS_PVD3_LSCStabT,Analog,NomS_PVD3_LSCStabT,,0
NomS_PVD3_LSCStartVoltFltDT,Analog,NomS_PVD3_LSCStartVoltFltDT,,0
NomS_PVD3_LSCTn,Analog,NomS_PVD3_LSCTn,,0
NomS_PVD3_LSCTv,Analog,NomS_PVD3_LSCTv,,0
NomS_PVD3_LSVoltCtrlrOn,Analog,NomS_PVD3_LSVoltCtrlrOn,,0
NomS_PVD3_LSCNoAvgValVolt,Analog,NomS_PVD3_LSCNoAvgValVolt,,0
NomS_PVD3_OutMFRPos,Analog,NomS_PVD3_OutMFRPos,,0
NomS_PVD3_Sply_EnVal,Analog,NomS_PVD3_Sply_EnVal,,0
NomS_PVD3_Sply_HR,Analog,NomS_PVD3_Sply_HR,,0
NomS_PVD3_Sply_HT,Analog,NomS_PVD3_Sply_HT,,0
NomS_PVD3_Sply_RR,Analog,NomS_PVD3_Sply_RR,,0
NomS_PVD3_Sply_RT,Analog,NomS_PVD3_Sply_RT,,0
NomS_PVD3_Sply_RTp,Analog,NomS_PVD3_Sply_RTp,,0
NomS_PVD3_Sply_StVal,Analog,NomS_PVD3_Sply_StVal,,0
NomS_PVD3_SplyCtrlMode,Analog,NomS_PVD3_SplyCtrlMode,,1
NomS_PVD3_SplyMode,Analog,NomS_PVD3_SplyMode,,1
NomS_PVD3_SplyPlasRCCurr,Analog,NomS_PVD3_SplyPlasRCCurr,,0
NomS_PVD3_SplyPlasRCOffDTPlas,Analog,NomS_PVD3_SplyPlasRCOffDTPlas,,0
NomS_PVD3_SplyPlasRCTime,Analog,NomS_PVD3_SplyPlasRCTime,,0
NomS_PVD3_SplyPlasRCVolt,Analog,NomS_PVD3_SplyPlasRCVolt,,0
NomS_PVD3_SplyTAP,Analog,NomS_PVD3_SplyTAP,,1
NOMS_PVD3_SplyPlasRCPwr,Analog,NOMS_PVD3_SplyPlasRCPwr,,0
NOMS_PVD3_MBoxIgnPosC1,Analog,NOMS_PVD3_MBoxIgnPosC1,,0
NOMS_PVD3_MBoxIgnPosC2,Analog,NOMS_PVD3_MBoxIgnPosC2,,0
NOMS_PVD3_MBoxPlasRCMode,Analog,NOMS_PVD3_MBoxPlasRCMode,,1
NOMS_PVD3_MBoxPlasRCTime,Analog,NOMS_PVD3_MBoxPlasRCTime,,0
NOMS_PVD3_MBoxPlasRCOffDTPlas,Analog,NOMS_PVD3_MBoxPlasRCOffDTPlas,,0
NOMS_PVD3_MBoxPlasRCDcBiasVolt,Analog,NOMS_PVD3_MBoxPlasRCDcBiasVolt,,0
NOMS_PVD3_Gas1PlasIgnFlow,Analog,NOMS_PVD3_Gas1PlasIgnFlow,,0
NOMS_PVD3_Gas2PlasIgnFlow,Analog,NOMS_PVD3_Gas2PlasIgnFlow,,0
NOMS_PVD3_Gas2PlasIgnFlow,Analog,NOMS_PVD3_Gas2PlasIgnFlow,,0
NOMS_PVD3_SplyPlasIgnPwr,Analog,NOMS_PVD3_SplyPlasIgnPwr,,0
NomS_ShutterOverr,Analog,NomS_ShutterOverr,,0
NomS_ShutterPositonPrSl,Analog,NomS_ShutterPositonPrSl,,0
NomS_SubstMaxTemp,Analog,NomS_SubstMaxTemp,,0
NomS_SubstNo_StatusChange,Analog,NomS_SubstNo_StatusChange,,0
NomS_SubstTemp,Analog,NomS_SubstTemp,,0
NomS_SubstTempMeasMode,Analog,NomS_SubstTempMeasMode,,1
NomS_SubstTempToolNonStatic,Analog,NomS_SubstTempToolNonStatic,,1
NomS_WBM_ACP,Analog,NomS_WBM_ACP,,0
NomS_WBM_InitThick,Analog,NomS_WBM_InitThick,,0
NomS_WBM_InitThickSel,Analog,NomS_WBM_InitThickSel,,0
NomS_WBM_LayerNo,Analog,NomS_WBM_LayerNo,,0
NomS_WBM_SaveCount,Analog,NomS_WBM_SaveCount,,0
NomS_WBM_SaveInit,Analog,NomS_WBM_SaveInit,,0
NomS_TSC_TSNo,Analog,NomS_TSC_TSNo,,1
NomS_TSC_RotDrvOverr,Analog,NomS_TSC_RotDrvOverr,,100
NomS_TSC_RotDrvPosPrSl,Analog,NomS_TSC_RotDrvPosPrSl,,1
NomS_TSC_LiftDrvOverr,Analog,NomS_TSC_LiftDrvOverr,,100
NomS_TSC_LiftDrvPosPrSl,Analog,NomS_TSC_LiftDrvPosPrSl,,1
NOMS_SHM_LeakTestTime,Analog,NOMS_SHM_LeakTestTime,,0
NOMS_SHM_LeakTestOnDT,Analog,NOMS_SHM_LeakTestOnDT,,20
NOMS_SHM_LLM1MDPosPrSl,Analog,NOMS_SHM_LLM1MDPosPrSl,,0
NOMS_SHM_LLM1MDPos,Analog,NOMS_SHM_LLM1MDPos,,0
NOMS_SHM_LLM1MDOverr,Analog,NOMS_SHM_LLM1MDOverr,,0
NOMS_SHM_LLM1MagSltNo,Analog,NOMS_SHM_LLM1MagSltNo,,0
NOMS_SHM_LLM2MDPosPrSl,Analog,NOMS_SHM_LLM2MDPosPrSl,,0
NOMS_SHM_LLM2MDPos,Analog,NOMS_SHM_LLM2MDPos,,0
NOMS_SHM_LLM2MDOverr,Analog,NOMS_SHM_LLM2MDOverr,,0
NOMS_SHM_LLM2MagSltNo,Analog,NOMS_SHM_LLM2MagSltNo,,0
NOMS_SHM_LLM3MDPosPrSl,Analog,NOMS_SHM_LLM3MDPosPrSl,,0
NOMS_SHM_LLM3MDPos,Analog,NOMS_SHM_LLM3MDPos,,0
NOMS_SHM_LLM3MDOverr,Analog,NOMS_SHM_LLM3MDOverr,,0
NOMS_SHM_LLM3MagSltNo,Analog,NOMS_SHM_LLM3MagSltNo,,0
NOMS_SHM_Rbt_PosPrSl,Analog,NOMS_SHM_Rbt_PosPrSl,,0
NOMS_SHM_Rbt_VeloOverr,Analog,NOMS_SHM_Rbt_VeloOverr,,0
NOMS_SHM_RbtMagNo_StatusChange,Analog,NOMS_SHM_RbtMagNo_StatusChange,,0
NOMS_SHM_SECS_GEM_CtrlMode,Analog,NOMS_SHM_SECS_GEM_CtrlMode,,1
